finished_at_iso,name,sim_time_s,src_id,tg_mode,num_aximm_tg,num_aximm_bram,num_axis_tg,num_axis_end,num_write_transactions_cfg,axi_write_size_bytes,axi_write_len_beats,axi_write_bandwidth_cfg_MBps,gem5_min_write_lat_cycles,gem5_avg_write_lat_cycles,gem5_max_write_lat_cycles,gem5_achieved_write_bw_MBps,gem5_min_read_lat_cycles,gem5_avg_read_lat_cycles,gem5_max_read_lat_cycles,gem5_achieved_read_bw_MBps,noc_axi_clk_mhz,gem5_return_code
2026-04-03T10:29:57.679497-05:00,rw_2_2_1,0.82,0,rw_interleaved,1,1,0,0,1,2,2,300,29.0,29.0,29.0,206.896552,29.0,29.0,29.0,206.896552,1000,0
2026-04-03T10:29:58.284134-05:00,rw_2_2_2,0.6,0,rw_interleaved,1,1,0,0,2,2,2,300,29.0,29.0,29.0,200.0,29.0,29.0,29.0,200.0,1000,0
2026-04-03T10:29:58.961529-05:00,rw_2_2_3,0.68,0,rw_interleaved,1,1,0,0,3,2,2,300,29.0,29.0,29.0,197.802198,29.0,29.0,29.0,197.802198,1000,0
2026-04-03T10:29:59.636149-05:00,rw_2_2_4,0.67,0,rw_interleaved,1,1,0,0,4,2,2,300,29.0,29.0,29.0,196.721311,29.0,29.0,29.0,196.721311,1000,0
2026-04-03T10:30:00.266218-05:00,rw_2_2_5,0.63,0,rw_interleaved,1,1,0,0,5,2,2,300,29.0,29.0,29.0,196.078431,29.0,29.0,29.0,196.078431,1000,0
2026-04-03T10:30:00.963026-05:00,rw_2_2_6,0.7,0,rw_interleaved,1,1,0,0,6,2,2,300,29.0,29.0,29.0,195.652174,29.0,29.0,29.0,195.652174,1000,0
2026-04-03T10:30:01.574314-05:00,rw_2_2_7,0.61,0,rw_interleaved,1,1,0,0,7,2,2,300,29.0,29.0,29.0,195.348837,29.0,29.0,29.0,195.348837,1000,0
2026-04-03T10:30:02.243027-05:00,rw_2_2_8,0.67,0,rw_interleaved,1,1,0,0,8,2,2,300,29.0,29.0,29.0,195.121951,29.0,29.0,29.0,195.121951,1000,0
2026-04-03T10:30:02.916069-05:00,rw_2_2_9,0.67,0,rw_interleaved,1,1,0,0,9,2,2,300,29.0,29.0,29.0,194.945848,29.0,29.0,29.0,194.945848,1000,0
2026-04-03T10:30:03.572695-05:00,rw_2_2_10,0.65,0,rw_interleaved,1,1,0,0,10,2,2,300,29.0,29.0,29.0,194.805195,29.0,29.0,29.0,194.805195,1000,0
2026-04-03T10:30:04.319617-05:00,rw_2_2_50,0.74,0,rw_interleaved,1,1,0,0,50,2,2,300,29.0,29.0,29.0,193.79845,29.0,29.06,30.0,193.79845,1000,0
2026-04-03T10:30:05.138320-05:00,rw_2_2_200,0.82,0,rw_interleaved,1,1,0,0,200,2,2,300,29.0,29.0,29.0,193.610842,29.0,29.06,30.0,193.610842,1000,0
2026-04-03T10:30:05.798564-05:00,rw_3_2_1,0.66,0,rw_interleaved,1,1,0,0,1,2,3,300,29.0,29.0,29.0,275.862069,30.0,30.0,30.0,266.666667,1000,0
2026-04-03T10:30:06.453250-05:00,rw_3_2_2,0.65,0,rw_interleaved,1,1,0,0,2,2,3,300,29.0,29.0,29.0,266.666667,30.0,30.0,30.0,262.295082,1000,0
2026-04-03T10:30:07.201208-05:00,rw_3_2_3,0.75,0,rw_interleaved,1,1,0,0,3,2,3,300,29.0,29.0,29.0,263.736264,30.0,30.0,30.0,260.869565,1000,0
2026-04-03T10:30:07.782990-05:00,rw_3_2_4,0.58,0,rw_interleaved,1,1,0,0,4,2,3,300,29.0,29.0,29.0,262.295082,30.0,30.0,30.0,260.162602,1000,0
2026-04-03T10:30:08.450065-05:00,rw_3_2_5,0.67,0,rw_interleaved,1,1,0,0,5,2,3,300,29.0,29.0,29.0,261.437908,30.0,30.0,30.0,259.74026,1000,0
2026-04-03T10:30:09.088784-05:00,rw_3_2_6,0.64,0,rw_interleaved,1,1,0,0,6,2,3,300,29.0,29.0,29.0,260.869565,30.0,30.0,30.0,259.459459,1000,0
2026-04-03T10:30:09.756625-05:00,rw_3_2_7,0.67,0,rw_interleaved,1,1,0,0,7,2,3,300,29.0,29.0,29.0,260.465116,30.0,30.0,30.0,259.259259,1000,0
2026-04-03T10:30:10.452686-05:00,rw_3_2_8,0.69,0,rw_interleaved,1,1,0,0,8,2,3,300,29.0,29.0,29.0,260.162602,30.0,30.0,30.0,259.109312,1000,0
2026-04-03T10:30:11.063016-05:00,rw_3_2_9,0.61,0,rw_interleaved,1,1,0,0,9,2,3,300,29.0,29.0,29.0,259.927798,30.0,30.0,30.0,258.992806,1000,0
2026-04-03T10:30:11.684368-05:00,rw_3_2_10,0.62,0,rw_interleaved,1,1,0,0,10,2,3,300,29.0,29.0,29.0,259.74026,30.0,30.0,30.0,258.899676,1000,0
2026-04-03T10:30:12.399695-05:00,rw_3_2_50,0.71,0,rw_interleaved,1,1,0,0,50,2,3,300,29.0,29.0,29.0,258.397933,30.0,30.06,31.0,258.231117,1000,0
2026-04-03T10:30:13.144844-05:00,rw_3_2_200,0.74,0,rw_interleaved,1,1,0,0,200,2,3,300,29.0,29.0,29.0,258.14779,30.0,30.06,31.0,258.106146,1000,0
2026-04-03T10:30:14.111528-05:00,rw_4_2_1,0.97,,rw_interleaved,1,1,0,0,1,2,4,300,,,,,,,,,1000,-6
2026-04-03T10:30:15.048272-05:00,rw_4_2_2,0.93,,rw_interleaved,1,1,0,0,2,2,4,300,,,,,,,,,1000,-6
2026-04-03T10:30:15.987044-05:00,rw_4_2_3,0.94,,rw_interleaved,1,1,0,0,3,2,4,300,,,,,,,,,1000,-6
2026-04-03T10:30:16.926493-05:00,rw_4_2_4,0.94,,rw_interleaved,1,1,0,0,4,2,4,300,,,,,,,,,1000,-6
2026-04-03T10:30:17.877945-05:00,rw_4_2_5,0.95,,rw_interleaved,1,1,0,0,5,2,4,300,,,,,,,,,1000,-6
2026-04-03T10:30:18.835915-05:00,rw_4_2_6,0.96,,rw_interleaved,1,1,0,0,6,2,4,300,,,,,,,,,1000,-6
2026-04-03T10:30:19.754822-05:00,rw_4_2_7,0.92,,rw_interleaved,1,1,0,0,7,2,4,300,,,,,,,,,1000,-6
2026-04-03T10:30:20.703540-05:00,rw_4_2_8,0.95,,rw_interleaved,1,1,0,0,8,2,4,300,,,,,,,,,1000,-6
2026-04-03T10:30:21.645139-05:00,rw_4_2_9,0.94,,rw_interleaved,1,1,0,0,9,2,4,300,,,,,,,,,1000,-6
2026-04-03T10:30:22.600339-05:00,rw_4_2_10,0.95,,rw_interleaved,1,1,0,0,10,2,4,300,,,,,,,,,1000,-6
2026-04-03T10:30:23.506466-05:00,rw_4_2_50,0.9,,rw_interleaved,1,1,0,0,50,2,4,300,,,,,,,,,1000,-6
2026-04-03T10:30:24.417430-05:00,rw_4_2_200,0.91,,rw_interleaved,1,1,0,0,200,2,4,300,,,,,,,,,1000,-6
2026-04-03T10:30:25.342720-05:00,rw_5_2_1,0.92,,rw_interleaved,1,1,0,0,1,2,5,300,,,,,,,,,1000,-6
2026-04-03T10:30:26.201105-05:00,rw_5_2_2,0.86,,rw_interleaved,1,1,0,0,2,2,5,300,,,,,,,,,1000,-6
2026-04-03T10:30:27.103819-05:00,rw_5_2_3,0.9,,rw_interleaved,1,1,0,0,3,2,5,300,,,,,,,,,1000,-6
2026-04-03T10:30:28.054433-05:00,rw_5_2_4,0.95,,rw_interleaved,1,1,0,0,4,2,5,300,,,,,,,,,1000,-6
2026-04-03T10:30:28.990053-05:00,rw_5_2_5,0.93,,rw_interleaved,1,1,0,0,5,2,5,300,,,,,,,,,1000,-6
2026-04-03T10:30:28.724258-05:00,rw_5_2_6,0.92,,rw_interleaved,1,1,0,0,6,2,5,300,,,,,,,,,1000,-6
2026-04-03T10:30:29.655907-05:00,rw_5_2_7,0.93,,rw_interleaved,1,1,0,0,7,2,5,300,,,,,,,,,1000,-6
2026-04-03T10:30:30.653808-05:00,rw_5_2_8,1.0,,rw_interleaved,1,1,0,0,8,2,5,300,,,,,,,,,1000,-6
2026-04-03T10:30:31.625611-05:00,rw_5_2_9,0.97,,rw_interleaved,1,1,0,0,9,2,5,300,,,,,,,,,1000,-6
2026-04-03T10:30:32.568853-05:00,rw_5_2_10,0.94,,rw_interleaved,1,1,0,0,10,2,5,300,,,,,,,,,1000,-6
2026-04-03T10:30:33.565413-05:00,rw_5_2_50,0.99,,rw_interleaved,1,1,0,0,50,2,5,300,,,,,,,,,1000,-6
2026-04-03T10:30:34.537868-05:00,rw_5_2_200,0.97,,rw_interleaved,1,1,0,0,200,2,5,300,,,,,,,,,1000,-6
2026-04-03T10:30:35.505766-05:00,rw_6_2_1,0.97,,rw_interleaved,1,1,0,0,1,2,6,300,,,,,,,,,1000,-6
2026-04-03T10:30:36.445848-05:00,rw_6_2_2,0.94,,rw_interleaved,1,1,0,0,2,2,6,300,,,,,,,,,1000,-6
2026-04-03T10:30:37.357224-05:00,rw_6_2_3,0.91,,rw_interleaved,1,1,0,0,3,2,6,300,,,,,,,,,1000,-6
2026-04-03T10:30:38.337017-05:00,rw_6_2_4,0.98,,rw_interleaved,1,1,0,0,4,2,6,300,,,,,,,,,1000,-6
2026-04-03T10:30:39.309253-05:00,rw_6_2_5,0.97,,rw_interleaved,1,1,0,0,5,2,6,300,,,,,,,,,1000,-6
2026-04-03T10:30:40.291653-05:00,rw_6_2_6,0.98,,rw_interleaved,1,1,0,0,6,2,6,300,,,,,,,,,1000,-6
2026-04-03T10:30:41.278562-05:00,rw_6_2_7,0.98,,rw_interleaved,1,1,0,0,7,2,6,300,,,,,,,,,1000,-6
2026-04-03T10:30:42.277738-05:00,rw_6_2_8,1.0,,rw_interleaved,1,1,0,0,8,2,6,300,,,,,,,,,1000,-6
2026-04-03T10:30:43.260933-05:00,rw_6_2_9,0.98,,rw_interleaved,1,1,0,0,9,2,6,300,,,,,,,,,1000,-6
2026-04-03T10:30:44.213936-05:00,rw_6_2_10,0.95,,rw_interleaved,1,1,0,0,10,2,6,300,,,,,,,,,1000,-6
2026-04-03T10:30:45.164670-05:00,rw_6_2_50,0.95,,rw_interleaved,1,1,0,0,50,2,6,300,,,,,,,,,1000,-6
2026-04-03T10:30:46.112108-05:00,rw_6_2_200,0.95,,rw_interleaved,1,1,0,0,200,2,6,300,,,,,,,,,1000,-6
2026-04-03T10:30:47.083980-05:00,rw_7_2_1,0.97,,rw_interleaved,1,1,0,0,1,2,7,300,,,,,,,,,1000,-6
2026-04-03T10:30:48.021066-05:00,rw_7_2_2,0.93,,rw_interleaved,1,1,0,0,2,2,7,300,,,,,,,,,1000,-6
2026-04-03T10:30:48.915904-05:00,rw_7_2_3,0.89,,rw_interleaved,1,1,0,0,3,2,7,300,,,,,,,,,1000,-6
2026-04-03T10:30:49.811901-05:00,rw_7_2_4,0.89,,rw_interleaved,1,1,0,0,4,2,7,300,,,,,,,,,1000,-6
2026-04-03T10:30:50.752178-05:00,rw_7_2_5,0.94,,rw_interleaved,1,1,0,0,5,2,7,300,,,,,,,,,1000,-6
2026-04-03T10:30:51.705671-05:00,rw_7_2_6,0.95,,rw_interleaved,1,1,0,0,6,2,7,300,,,,,,,,,1000,-6
2026-04-03T10:30:52.700141-05:00,rw_7_2_7,0.99,,rw_interleaved,1,1,0,0,7,2,7,300,,,,,,,,,1000,-6
2026-04-03T10:30:53.625293-05:00,rw_7_2_8,0.92,,rw_interleaved,1,1,0,0,8,2,7,300,,,,,,,,,1000,-6
2026-04-03T10:30:54.505577-05:00,rw_7_2_9,0.88,,rw_interleaved,1,1,0,0,9,2,7,300,,,,,,,,,1000,-6
2026-04-03T10:30:55.425701-05:00,rw_7_2_10,0.92,,rw_interleaved,1,1,0,0,10,2,7,300,,,,,,,,,1000,-6
2026-04-03T10:30:56.360237-05:00,rw_7_2_50,0.93,,rw_interleaved,1,1,0,0,50,2,7,300,,,,,,,,,1000,-6
2026-04-03T10:30:57.375186-05:00,rw_7_2_200,1.01,,rw_interleaved,1,1,0,0,200,2,7,300,,,,,,,,,1000,-6
2026-04-03T10:30:58.310388-05:00,rw_8_2_1,0.93,,rw_interleaved,1,1,0,0,1,2,8,300,,,,,,,,,1000,-6
2026-04-03T10:30:59.251758-05:00,rw_8_2_2,0.94,,rw_interleaved,1,1,0,0,2,2,8,300,,,,,,,,,1000,-6
2026-04-03T10:31:00.212782-05:00,rw_8_2_3,0.96,,rw_interleaved,1,1,0,0,3,2,8,300,,,,,,,,,1000,-6
2026-04-03T10:30:59.671012-05:00,rw_8_2_4,0.87,,rw_interleaved,1,1,0,0,4,2,8,300,,,,,,,,,1000,-6
2026-04-03T10:31:00.661800-05:00,rw_8_2_5,0.99,,rw_interleaved,1,1,0,0,5,2,8,300,,,,,,,,,1000,-6
2026-04-03T10:31:01.560762-05:00,rw_8_2_6,0.9,,rw_interleaved,1,1,0,0,6,2,8,300,,,,,,,,,1000,-6
2026-04-03T10:31:02.513490-05:00,rw_8_2_7,0.95,,rw_interleaved,1,1,0,0,7,2,8,300,,,,,,,,,1000,-6
2026-04-03T10:31:03.458411-05:00,rw_8_2_8,0.94,,rw_interleaved,1,1,0,0,8,2,8,300,,,,,,,,,1000,-6
2026-04-03T10:31:04.406432-05:00,rw_8_2_9,0.95,,rw_interleaved,1,1,0,0,9,2,8,300,,,,,,,,,1000,-6
2026-04-03T10:31:05.306080-05:00,rw_8_2_10,0.9,,rw_interleaved,1,1,0,0,10,2,8,300,,,,,,,,,1000,-6
2026-04-03T10:31:06.224639-05:00,rw_8_2_50,0.92,,rw_interleaved,1,1,0,0,50,2,8,300,,,,,,,,,1000,-6
2026-04-03T10:31:07.158241-05:00,rw_8_2_200,0.93,,rw_interleaved,1,1,0,0,200,2,8,300,,,,,,,,,1000,-6
2026-04-03T10:31:08.109662-05:00,rw_9_2_1,0.95,,rw_interleaved,1,1,0,0,1,2,9,300,,,,,,,,,1000,-6
2026-04-03T10:31:09.049353-05:00,rw_9_2_2,0.94,,rw_interleaved,1,1,0,0,2,2,9,300,,,,,,,,,1000,-6
2026-04-03T10:31:10.023465-05:00,rw_9_2_3,0.97,,rw_interleaved,1,1,0,0,3,2,9,300,,,,,,,,,1000,-6
2026-04-03T10:31:11.021417-05:00,rw_9_2_4,1.0,,rw_interleaved,1,1,0,0,4,2,9,300,,,,,,,,,1000,-6
2026-04-03T10:31:12.030916-05:00,rw_9_2_5,1.01,,rw_interleaved,1,1,0,0,5,2,9,300,,,,,,,,,1000,-6
2026-04-03T10:31:13.037261-05:00,rw_9_2_6,1.0,,rw_interleaved,1,1,0,0,6,2,9,300,,,,,,,,,1000,-6
2026-04-03T10:31:13.961214-05:00,rw_9_2_7,0.92,,rw_interleaved,1,1,0,0,7,2,9,300,,,,,,,,,1000,-6
2026-04-03T10:31:14.904695-05:00,rw_9_2_8,0.94,,rw_interleaved,1,1,0,0,8,2,9,300,,,,,,,,,1000,-6
2026-04-03T10:31:15.980813-05:00,rw_9_2_9,1.07,,rw_interleaved,1,1,0,0,9,2,9,300,,,,,,,,,1000,-6
2026-04-03T10:31:16.933611-05:00,rw_9_2_10,0.95,,rw_interleaved,1,1,0,0,10,2,9,300,,,,,,,,,1000,-6
2026-04-03T10:31:17.953237-05:00,rw_9_2_50,1.02,,rw_interleaved,1,1,0,0,50,2,9,300,,,,,,,,,1000,-6
2026-04-03T10:31:18.885594-05:00,rw_9_2_200,0.93,,rw_interleaved,1,1,0,0,200,2,9,300,,,,,,,,,1000,-6
2026-04-03T10:31:19.861197-05:00,rw_10_2_1,0.97,,rw_interleaved,1,1,0,0,1,2,10,300,,,,,,,,,1000,-6
2026-04-03T10:31:20.817659-05:00,rw_10_2_2,0.95,,rw_interleaved,1,1,0,0,2,2,10,300,,,,,,,,,1000,-6
2026-04-03T10:31:21.845743-05:00,rw_10_2_3,1.03,,rw_interleaved,1,1,0,0,3,2,10,300,,,,,,,,,1000,-6
2026-04-03T10:31:22.841001-05:00,rw_10_2_4,0.99,,rw_interleaved,1,1,0,0,4,2,10,300,,,,,,,,,1000,-6
2026-04-03T10:31:23.816123-05:00,rw_10_2_5,0.97,,rw_interleaved,1,1,0,0,5,2,10,300,,,,,,,,,1000,-6
2026-04-03T10:31:24.789420-05:00,rw_10_2_6,0.97,,rw_interleaved,1,1,0,0,6,2,10,300,,,,,,,,,1000,-6
2026-04-03T10:31:25.745897-05:00,rw_10_2_7,0.95,,rw_interleaved,1,1,0,0,7,2,10,300,,,,,,,,,1000,-6
2026-04-03T10:31:26.710918-05:00,rw_10_2_8,0.96,,rw_interleaved,1,1,0,0,8,2,10,300,,,,,,,,,1000,-6
2026-04-03T10:31:27.654102-05:00,rw_10_2_9,0.94,,rw_interleaved,1,1,0,0,9,2,10,300,,,,,,,,,1000,-6
2026-04-03T10:31:28.646482-05:00,rw_10_2_10,0.99,,rw_interleaved,1,1,0,0,10,2,10,300,,,,,,,,,1000,-6
2026-04-03T10:31:29.601380-05:00,rw_10_2_50,0.95,,rw_interleaved,1,1,0,0,50,2,10,300,,,,,,,,,1000,-6
2026-04-03T10:31:30.574158-05:00,rw_10_2_200,0.97,,rw_interleaved,1,1,0,0,200,2,10,300,,,,,,,,,1000,-6
2026-04-03T10:31:30.001518-05:00,rw_11_2_1,0.92,,rw_interleaved,1,1,0,0,1,2,11,300,,,,,,,,,1000,-6
2026-04-03T10:31:30.977427-05:00,rw_11_2_2,0.97,,rw_interleaved,1,1,0,0,2,2,11,300,,,,,,,,,1000,-6
2026-04-03T10:31:31.861791-05:00,rw_11_2_3,0.88,,rw_interleaved,1,1,0,0,3,2,11,300,,,,,,,,,1000,-6
2026-04-03T10:31:32.788171-05:00,rw_11_2_4,0.92,,rw_interleaved,1,1,0,0,4,2,11,300,,,,,,,,,1000,-6
2026-04-03T10:31:33.741876-05:00,rw_11_2_5,0.95,,rw_interleaved,1,1,0,0,5,2,11,300,,,,,,,,,1000,-6
2026-04-03T10:31:34.669058-05:00,rw_11_2_6,0.93,,rw_interleaved,1,1,0,0,6,2,11,300,,,,,,,,,1000,-6
2026-04-03T10:31:35.628737-05:00,rw_11_2_7,0.96,,rw_interleaved,1,1,0,0,7,2,11,300,,,,,,,,,1000,-6
2026-04-03T10:31:36.557592-05:00,rw_11_2_8,0.93,,rw_interleaved,1,1,0,0,8,2,11,300,,,,,,,,,1000,-6
2026-04-03T10:31:37.444819-05:00,rw_11_2_9,0.89,,rw_interleaved,1,1,0,0,9,2,11,300,,,,,,,,,1000,-6
2026-04-03T10:31:38.376391-05:00,rw_11_2_10,0.93,,rw_interleaved,1,1,0,0,10,2,11,300,,,,,,,,,1000,-6
2026-04-03T10:31:39.293717-05:00,rw_11_2_50,0.92,,rw_interleaved,1,1,0,0,50,2,11,300,,,,,,,,,1000,-6
2026-04-03T10:31:40.181382-05:00,rw_11_2_200,0.89,,rw_interleaved,1,1,0,0,200,2,11,300,,,,,,,,,1000,-6
2026-04-03T10:31:41.218677-05:00,rw_12_2_1,1.03,,rw_interleaved,1,1,0,0,1,2,12,300,,,,,,,,,1000,-6
2026-04-03T10:31:42.249660-05:00,rw_12_2_2,1.03,,rw_interleaved,1,1,0,0,2,2,12,300,,,,,,,,,1000,-6
2026-04-03T10:31:43.249040-05:00,rw_12_2_3,1.0,,rw_interleaved,1,1,0,0,3,2,12,300,,,,,,,,,1000,-6
2026-04-03T10:31:44.249332-05:00,rw_12_2_4,1.0,,rw_interleaved,1,1,0,0,4,2,12,300,,,,,,,,,1000,-6
2026-04-03T10:31:45.255438-05:00,rw_12_2_5,1.0,,rw_interleaved,1,1,0,0,5,2,12,300,,,,,,,,,1000,-6
2026-04-03T10:31:46.276934-05:00,rw_12_2_6,1.02,,rw_interleaved,1,1,0,0,6,2,12,300,,,,,,,,,1000,-6
2026-04-03T10:31:47.224638-05:00,rw_12_2_7,0.95,,rw_interleaved,1,1,0,0,7,2,12,300,,,,,,,,,1000,-6
2026-04-03T10:31:48.225197-05:00,rw_12_2_8,1.0,,rw_interleaved,1,1,0,0,8,2,12,300,,,,,,,,,1000,-6
2026-04-03T10:31:49.216536-05:00,rw_12_2_9,0.99,,rw_interleaved,1,1,0,0,9,2,12,300,,,,,,,,,1000,-6
2026-04-03T10:31:50.198656-05:00,rw_12_2_10,0.98,,rw_interleaved,1,1,0,0,10,2,12,300,,,,,,,,,1000,-6
2026-04-03T10:31:51.166912-05:00,rw_12_2_50,0.97,,rw_interleaved,1,1,0,0,50,2,12,300,,,,,,,,,1000,-6
2026-04-03T10:31:52.139042-05:00,rw_12_2_200,0.97,,rw_interleaved,1,1,0,0,200,2,12,300,,,,,,,,,1000,-6
2026-04-03T10:31:53.094602-05:00,rw_13_2_1,0.95,,rw_interleaved,1,1,0,0,1,2,13,300,,,,,,,,,1000,-6
2026-04-03T10:31:54.011336-05:00,rw_13_2_2,0.91,,rw_interleaved,1,1,0,0,2,2,13,300,,,,,,,,,1000,-6
2026-04-03T10:31:55.012795-05:00,rw_13_2_3,1.0,,rw_interleaved,1,1,0,0,3,2,13,300,,,,,,,,,1000,-6
2026-04-03T10:31:55.998036-05:00,rw_13_2_4,0.98,,rw_interleaved,1,1,0,0,4,2,13,300,,,,,,,,,1000,-6
2026-04-03T10:31:56.945185-05:00,rw_13_2_5,0.95,,rw_interleaved,1,1,0,0,5,2,13,300,,,,,,,,,1000,-6
2026-04-03T10:31:57.825178-05:00,rw_13_2_6,0.88,,rw_interleaved,1,1,0,0,6,2,13,300,,,,,,,,,1000,-6
2026-04-03T10:31:58.772166-05:00,rw_13_2_7,0.95,,rw_interleaved,1,1,0,0,7,2,13,300,,,,,,,,,1000,-6
2026-04-03T10:31:59.742996-05:00,rw_13_2_8,0.97,,rw_interleaved,1,1,0,0,8,2,13,300,,,,,,,,,1000,-6
2026-04-03T10:32:00.746547-05:00,rw_13_2_9,1.0,,rw_interleaved,1,1,0,0,9,2,13,300,,,,,,,,,1000,-6
2026-04-03T10:32:01.694462-05:00,rw_13_2_10,0.95,,rw_interleaved,1,1,0,0,10,2,13,300,,,,,,,,,1000,-6
2026-04-03T10:32:01.217183-05:00,rw_13_2_50,0.96,,rw_interleaved,1,1,0,0,50,2,13,300,,,,,,,,,1000,-6
2026-04-03T10:32:02.146370-05:00,rw_13_2_200,0.93,,rw_interleaved,1,1,0,0,200,2,13,300,,,,,,,,,1000,-6
2026-04-03T10:32:03.106653-05:00,rw_14_2_1,0.96,,rw_interleaved,1,1,0,0,1,2,14,300,,,,,,,,,1000,-6
2026-04-03T10:32:04.042390-05:00,rw_14_2_2,0.93,,rw_interleaved,1,1,0,0,2,2,14,300,,,,,,,,,1000,-6
2026-04-03T10:32:04.995652-05:00,rw_14_2_3,0.95,,rw_interleaved,1,1,0,0,3,2,14,300,,,,,,,,,1000,-6
2026-04-03T10:32:05.973942-05:00,rw_14_2_4,0.98,,rw_interleaved,1,1,0,0,4,2,14,300,,,,,,,,,1000,-6
2026-04-03T10:32:06.965849-05:00,rw_14_2_5,0.99,,rw_interleaved,1,1,0,0,5,2,14,300,,,,,,,,,1000,-6
2026-04-03T10:32:07.861709-05:00,rw_14_2_6,0.89,,rw_interleaved,1,1,0,0,6,2,14,300,,,,,,,,,1000,-6
2026-04-03T10:32:08.828291-05:00,rw_14_2_7,0.96,,rw_interleaved,1,1,0,0,7,2,14,300,,,,,,,,,1000,-6
2026-04-03T10:32:09.786395-05:00,rw_14_2_8,0.96,,rw_interleaved,1,1,0,0,8,2,14,300,,,,,,,,,1000,-6
2026-04-03T10:32:10.761628-05:00,rw_14_2_9,0.97,,rw_interleaved,1,1,0,0,9,2,14,300,,,,,,,,,1000,-6
2026-04-03T10:32:11.697950-05:00,rw_14_2_10,0.93,,rw_interleaved,1,1,0,0,10,2,14,300,,,,,,,,,1000,-6
2026-04-03T10:32:12.671906-05:00,rw_14_2_50,0.97,,rw_interleaved,1,1,0,0,50,2,14,300,,,,,,,,,1000,-6
2026-04-03T10:32:13.630993-05:00,rw_14_2_200,0.96,,rw_interleaved,1,1,0,0,200,2,14,300,,,,,,,,,1000,-6
2026-04-03T10:32:14.575657-05:00,rw_15_2_1,0.94,,rw_interleaved,1,1,0,0,1,2,15,300,,,,,,,,,1000,-6
2026-04-03T10:32:15.543854-05:00,rw_15_2_2,0.97,,rw_interleaved,1,1,0,0,2,2,15,300,,,,,,,,,1000,-6
2026-04-03T10:32:16.524816-05:00,rw_15_2_3,0.98,,rw_interleaved,1,1,0,0,3,2,15,300,,,,,,,,,1000,-6
2026-04-03T10:32:17.481643-05:00,rw_15_2_4,0.95,,rw_interleaved,1,1,0,0,4,2,15,300,,,,,,,,,1000,-6
2026-04-03T10:32:18.457539-05:00,rw_15_2_5,0.97,,rw_interleaved,1,1,0,0,5,2,15,300,,,,,,,,,1000,-6
2026-04-03T10:32:19.378623-05:00,rw_15_2_6,0.92,,rw_interleaved,1,1,0,0,6,2,15,300,,,,,,,,,1000,-6
2026-04-03T10:32:20.294006-05:00,rw_15_2_7,0.91,,rw_interleaved,1,1,0,0,7,2,15,300,,,,,,,,,1000,-6
2026-04-03T10:32:21.271021-05:00,rw_15_2_8,0.98,,rw_interleaved,1,1,0,0,8,2,15,300,,,,,,,,,1000,-6
2026-04-03T10:32:22.248523-05:00,rw_15_2_9,0.98,,rw_interleaved,1,1,0,0,9,2,15,300,,,,,,,,,1000,-6
2026-04-03T10:32:23.191074-05:00,rw_15_2_10,0.94,,rw_interleaved,1,1,0,0,10,2,15,300,,,,,,,,,1000,-6
2026-04-03T10:32:24.175914-05:00,rw_15_2_50,0.98,,rw_interleaved,1,1,0,0,50,2,15,300,,,,,,,,,1000,-6
2026-04-03T10:32:25.130157-05:00,rw_15_2_200,0.95,,rw_interleaved,1,1,0,0,200,2,15,300,,,,,,,,,1000,-6
2026-04-03T10:32:26.078535-05:00,rw_16_2_1,0.95,,rw_interleaved,1,1,0,0,1,2,16,300,,,,,,,,,1000,-6
2026-04-03T10:32:27.044992-05:00,rw_16_2_2,0.96,,rw_interleaved,1,1,0,0,2,2,16,300,,,,,,,,,1000,-6
2026-04-03T10:32:27.995360-05:00,rw_16_2_3,0.95,,rw_interleaved,1,1,0,0,3,2,16,300,,,,,,,,,1000,-6
2026-04-03T10:32:28.960943-05:00,rw_16_2_4,0.96,,rw_interleaved,1,1,0,0,4,2,16,300,,,,,,,,,1000,-6
2026-04-03T10:32:29.944212-05:00,rw_16_2_5,0.98,,rw_interleaved,1,1,0,0,5,2,16,300,,,,,,,,,1000,-6
2026-04-03T10:32:31.005492-05:00,rw_16_2_6,1.06,,rw_interleaved,1,1,0,0,6,2,16,300,,,,,,,,,1000,-6
2026-04-03T10:32:31.975495-05:00,rw_16_2_7,0.97,,rw_interleaved,1,1,0,0,7,2,16,300,,,,,,,,,1000,-6
2026-04-03T10:32:32.971403-05:00,rw_16_2_8,0.99,,rw_interleaved,1,1,0,0,8,2,16,300,,,,,,,,,1000,-6
2026-04-03T10:32:32.690623-05:00,rw_16_2_9,0.99,,rw_interleaved,1,1,0,0,9,2,16,300,,,,,,,,,1000,-6
2026-04-03T10:32:33.594352-05:00,rw_16_2_10,0.9,,rw_interleaved,1,1,0,0,10,2,16,300,,,,,,,,,1000,-6
2026-04-03T10:32:34.554720-05:00,rw_16_2_50,0.96,,rw_interleaved,1,1,0,0,50,2,16,300,,,,,,,,,1000,-6
2026-04-03T10:32:35.516994-05:00,rw_16_2_200,0.96,,rw_interleaved,1,1,0,0,200,2,16,300,,,,,,,,,1000,-6
2026-04-03T10:32:36.208055-05:00,rw_2_4_1,0.69,0,rw_interleaved,1,1,0,0,1,4,2,300,29.0,29.0,29.0,413.793103,29.0,29.0,29.0,413.793103,1000,0
2026-04-03T10:32:36.876817-05:00,rw_2_4_2,0.67,0,rw_interleaved,1,1,0,0,2,4,2,300,29.0,29.0,29.0,352.941176,29.0,29.0,29.0,352.941176,1000,0
2026-04-03T10:32:37.533554-05:00,rw_2_4_3,0.65,0,rw_interleaved,1,1,0,0,3,4,2,300,29.0,29.0,29.0,333.333333,29.0,29.0,29.0,333.333333,1000,0
2026-04-03T10:32:38.217827-05:00,rw_2_4_4,0.68,0,rw_interleaved,1,1,0,0,4,4,2,300,29.0,29.0,29.0,324.324324,29.0,29.0,29.0,324.324324,1000,0
2026-04-03T10:32:38.878515-05:00,rw_2_4_5,0.66,0,rw_interleaved,1,1,0,0,5,4,2,300,29.0,29.0,29.0,319.148936,29.0,29.0,29.0,319.148936,1000,0
2026-04-03T10:32:39.519450-05:00,rw_2_4_6,0.64,0,rw_interleaved,1,1,0,0,6,4,2,300,29.0,29.0,29.0,315.789474,29.0,29.0,29.0,315.789474,1000,0
2026-04-03T10:32:40.182540-05:00,rw_2_4_7,0.66,0,rw_interleaved,1,1,0,0,7,4,2,300,29.0,29.0,29.0,313.432836,29.0,29.0,29.0,313.432836,1000,0
2026-04-03T10:32:40.847502-05:00,rw_2_4_8,0.66,0,rw_interleaved,1,1,0,0,8,4,2,300,29.0,29.0,29.0,311.688312,29.0,29.0,29.0,311.688312,1000,0
2026-04-03T10:32:41.489607-05:00,rw_2_4_9,0.64,0,rw_interleaved,1,1,0,0,9,4,2,300,29.0,29.0,29.0,310.344828,29.0,29.0,29.0,310.344828,1000,0
2026-04-03T10:32:42.173125-05:00,rw_2_4_10,0.68,0,rw_interleaved,1,1,0,0,10,4,2,300,29.0,29.0,29.0,309.278351,29.0,29.0,29.0,309.278351,1000,0
2026-04-03T10:32:42.883496-05:00,rw_2_4_50,0.71,0,rw_interleaved,1,1,0,0,50,4,2,300,29.0,29.0,29.0,301.810865,29.0,29.06,30.0,301.810865,1000,0
2026-04-03T10:32:43.734139-05:00,rw_2_4_200,0.85,0,rw_interleaved,1,1,0,0,200,4,2,300,29.0,29.0,29.0,300.450676,29.0,29.06,30.0,300.450676,1000,0
2026-04-03T10:32:44.356068-05:00,rw_3_4_1,0.62,0,rw_interleaved,1,1,0,0,1,4,3,300,29.0,29.0,29.0,551.724138,30.0,30.0,30.0,533.333333,1000,0
2026-04-03T10:32:45.026267-05:00,rw_3_4_2,0.67,0,rw_interleaved,1,1,0,0,2,4,3,300,29.0,29.0,29.0,390.243902,30.0,30.0,30.0,385.542169,1000,0
2026-04-03T10:32:45.667202-05:00,rw_3_4_3,0.64,0,rw_interleaved,1,1,0,0,3,4,3,300,29.0,29.0,29.0,355.555556,30.0,30.0,30.0,352.941176,1000,0
2026-04-03T10:32:46.331087-05:00,rw_3_4_4,0.66,0,rw_interleaved,1,1,0,0,4,4,3,300,29.0,29.0,29.0,340.425532,30.0,30.0,30.0,338.624339,1000,0
2026-04-03T10:32:46.968093-05:00,rw_3_4_5,0.64,0,rw_interleaved,1,1,0,0,5,4,3,300,29.0,29.0,29.0,330.578512,30.0,30.0,30.0,329.218107,1000,0
2026-04-03T10:32:47.599353-05:00,rw_3_4_6,0.63,0,rw_interleaved,1,1,0,0,6,4,3,300,29.0,29.0,29.0,325.423729,30.0,30.0,30.0,324.324324,1000,0
2026-04-03T10:32:48.265644-05:00,rw_3_4_7,0.66,0,rw_interleaved,1,1,0,0,7,4,3,300,29.0,29.0,29.0,321.83908,30.0,30.0,30.0,320.916905,1000,0
2026-04-03T10:32:48.911129-05:00,rw_3_4_8,0.64,0,rw_interleaved,1,1,0,0,8,4,3,300,29.0,29.0,29.0,318.40796,30.0,30.0,30.0,317.617866,1000,0
2026-04-03T10:32:49.557368-05:00,rw_3_4_9,0.64,0,rw_interleaved,1,1,0,0,9,4,3,300,29.0,29.0,29.0,316.483516,30.0,30.0,30.0,315.789474,1000,0
2026-04-03T10:32:50.239683-05:00,rw_3_4_10,0.68,0,rw_interleaved,1,1,0,0,10,4,3,300,29.0,29.0,29.0,314.96063,30.0,30.0,30.0,314.341847,1000,0
2026-04-03T10:32:50.947709-05:00,rw_3_4_50,0.71,0,rw_interleaved,1,1,0,0,50,4,3,300,29.0,29.0,29.0,302.800908,30.0,30.06,31.0,302.686341,1000,0
2026-04-03T10:32:51.789358-05:00,rw_3_4_200,0.84,0,rw_interleaved,1,1,0,0,200,4,3,300,29.0,29.0,29.0,300.695358,30.0,30.06,31.0,300.667105,1000,0
2026-04-03T10:32:52.431179-05:00,rw_4_4_1,0.64,0,rw_interleaved,1,1,0,0,1,4,4,300,34.0,34.0,34.0,588.235294,31.0,31.0,31.0,645.16129,1000,0
2026-04-03T10:32:53.059511-05:00,rw_4_4_2,0.63,0,rw_interleaved,1,1,0,0,2,4,4,300,34.0,34.0,34.0,400.0,31.0,31.0,31.0,412.371134,1000,0
2026-04-03T10:32:53.708914-05:00,rw_4_4_3,0.65,0,rw_interleaved,1,1,0,0,3,4,4,300,34.0,34.0,34.0,359.281437,31.0,31.0,31.0,365.853659,1000,0
2026-04-03T10:32:54.347982-05:00,rw_4_4_4,0.64,0,rw_interleaved,1,1,0,0,4,4,4,300,34.0,34.0,34.0,343.347639,31.0,31.0,31.0,347.826087,1000,0
2026-04-03T10:32:55.074330-05:00,rw_4_4_5,0.72,0,rw_interleaved,1,1,0,0,5,4,4,300,34.0,34.0,34.0,333.333333,31.0,31.0,31.0,336.700337,1000,0
2026-04-03T10:32:55.716476-05:00,rw_4_4_6,0.64,0,rw_interleaved,1,1,0,0,6,4,4,300,34.0,34.0,34.0,326.975477,31.0,31.0,31.0,329.67033,1000,0
2026-04-03T10:32:56.380325-05:00,rw_4_4_7,0.66,0,rw_interleaved,1,1,0,0,7,4,4,300,34.0,34.0,34.0,323.325635,31.0,31.0,31.0,325.581395,1000,0
2026-04-03T10:32:57.078142-05:00,rw_4_4_8,0.7,0,rw_interleaved,1,1,0,0,8,4,4,300,34.0,34.0,34.0,320.0,31.0,31.0,31.0,321.93159,1000,0
2026-04-03T10:32:57.751632-05:00,rw_4_4_9,0.67,0,rw_interleaved,1,1,0,0,9,4,4,300,34.0,34.0,34.0,317.460317,31.0,31.11,32.0,318.584071,1000,0
2026-04-03T10:32:58.377427-05:00,rw_4_4_10,0.62,0,rw_interleaved,1,1,0,0,10,4,4,300,34.0,34.0,34.0,315.955766,31.0,31.1,32.0,317.460317,1000,0
2026-04-03T10:32:59.056211-05:00,rw_4_4_50,0.68,0,rw_interleaved,1,1,0,0,50,4,4,300,34.0,34.0,34.0,303.030303,31.0,31.12,32.0,303.306036,1000,0
2026-04-03T10:32:59.918655-05:00,rw_4_4_200,0.86,0,rw_interleaved,1,1,0,0,200,4,4,300,34.0,34.0,34.0,300.75188,31.0,31.12,32.0,300.819734,1000,0
2026-04-03T10:33:00.564551-05:00,rw_5_4_1,0.64,0,rw_interleaved,1,1,0,0,1,4,5,300,34.0,34.0,34.0,705.882353,32.0,32.0,32.0,750.0,1000,0
2026-04-03T10:33:01.299365-05:00,rw_5_4_2,0.73,0,rw_interleaved,1,1,0,0,2,4,5,300,34.0,34.0,34.0,424.778761,32.0,32.0,32.0,432.432432,1000,0
2026-04-03T10:33:01.931962-05:00,rw_5_4_3,0.63,0,rw_interleaved,1,1,0,0,3,4,5,300,34.0,34.0,34.0,373.056995,32.0,32.0,32.0,376.963351,1000,0
2026-04-03T10:33:02.580346-05:00,rw_5_4_4,0.65,0,rw_interleaved,1,1,0,0,4,4,5,300,34.0,34.0,34.0,351.648352,32.0,32.0,32.0,354.243542,1000,0
2026-04-03T10:33:03.227695-05:00,rw_5_4_5,0.65,0,rw_interleaved,1,1,0,0,5,4,5,300,34.0,34.0,34.0,339.943343,32.0,32.0,32.0,341.880342,1000,0
2026-04-03T10:33:03.890406-05:00,rw_5_4_6,0.66,0,rw_interleaved,1,1,0,0,6,4,5,300,34.0,34.0,34.0,332.56351,32.0,32.0,32.0,334.106729,1000,0
2026-04-03T10:33:03.120278-05:00,rw_5_4_7,0.63,0,rw_interleaved,1,1,0,0,7,4,5,300,34.0,34.0,34.0,327.48538,32.0,32.0,32.0,328.767123,1000,0
2026-04-03T10:33:03.801609-05:00,rw_5_4_8,0.68,0,rw_interleaved,1,1,0,0,8,4,5,300,34.0,34.0,34.0,323.777403,32.0,32.0,32.0,324.873096,1000,0
2026-04-03T10:33:04.438603-05:00,rw_5_4_9,0.64,0,rw_interleaved,1,1,0,0,9,4,5,300,34.0,34.0,34.0,320.950966,32.0,32.11,33.0,321.428571,1000,0
2026-04-03T10:33:05.023041-05:00,rw_5_4_10,0.58,0,rw_interleaved,1,1,0,0,10,4,5,300,34.0,34.0,34.0,318.7251,32.0,32.1,33.0,319.573901,1000,0
2026-04-03T10:33:05.696211-05:00,rw_5_4_50,0.67,0,rw_interleaved,1,1,0,0,50,4,5,300,34.0,34.0,34.0,303.566911,32.0,32.12,33.0,303.720577,1000,0
2026-04-03T10:33:06.711245-05:00,rw_5_4_200,1.01,0,rw_interleaved,1,1,0,0,200,4,5,300,34.0,34.0,34.0,300.883846,32.0,32.12,33.0,300.921572,1000,0
2026-04-03T10:33:07.390565-05:00,rw_6_4_1,0.68,0,rw_interleaved,1,1,0,0,1,4,6,300,34.0,34.0,34.0,823.529412,33.0,33.0,33.0,848.484848,1000,0
2026-04-03T10:33:08.032858-05:00,rw_6_4_2,0.64,0,rw_interleaved,1,1,0,0,2,4,6,300,34.0,34.0,34.0,440.944882,33.0,33.0,33.0,444.444444,1000,0
2026-04-03T10:33:08.710458-05:00,rw_6_4_3,0.68,0,rw_interleaved,1,1,0,0,3,4,6,300,34.0,34.0,34.0,381.818182,33.0,33.0,33.0,383.561644,1000,0
2026-04-03T10:33:09.360098-05:00,rw_6_4_4,0.65,0,rw_interleaved,1,1,0,0,4,4,6,300,34.0,34.0,34.0,357.827476,33.0,33.0,33.0,358.974359,1000,0
2026-04-03T10:33:10.082273-05:00,rw_6_4_5,0.72,0,rw_interleaved,1,1,0,0,5,4,6,300,34.0,34.0,34.0,343.980344,33.0,33.0,33.0,344.827586,1000,0
2026-04-03T10:33:10.755299-05:00,rw_6_4_6,0.67,0,rw_interleaved,1,1,0,0,6,4,6,300,34.0,34.0,34.0,336.0,33.0,33.0,33.0,336.673347,1000,0
2026-04-03T10:33:11.468305-05:00,rw_6_4_7,0.71,0,rw_interleaved,1,1,0,0,7,4,6,300,34.0,34.0,34.0,330.522766,33.0,33.0,33.0,331.081081,1000,0
2026-04-03T10:33:12.134048-05:00,rw_6_4_8,0.66,0,rw_interleaved,1,1,0,0,8,4,6,300,34.0,34.0,34.0,326.055313,33.0,33.0,33.0,326.530612,1000,0
2026-04-03T10:33:12.783085-05:00,rw_6_4_9,0.65,0,rw_interleaved,1,1,0,0,9,4,6,300,34.0,34.0,34.0,323.076923,33.0,33.11,34.0,323.076923,1000,0
2026-04-03T10:33:13.474962-05:00,rw_6_4_10,0.69,0,rw_interleaved,1,1,0,0,10,4,6,300,34.0,34.0,34.0,320.733104,33.0,33.1,34.0,321.100917,1000,0
2026-04-03T10:33:14.273950-05:00,rw_6_4_50,0.8,0,rw_interleaved,1,1,0,0,50,4,6,300,34.0,34.0,34.0,303.885392,33.0,33.12,34.0,303.951368,1000,0
2026-04-03T10:33:15.259280-05:00,rw_6_4_200,0.98,0,rw_interleaved,1,1,0,0,200,4,6,300,34.0,34.0,34.0,300.962004,33.0,33.12,34.0,300.978179,1000,0
2026-04-03T10:33:15.933098-05:00,rw_7_4_1,0.67,0,rw_interleaved,1,1,0,0,1,4,7,300,34.0,34.0,34.0,941.176471,34.0,34.0,34.0,941.176471,1000,0
2026-04-03T10:33:16.606508-05:00,rw_7_4_2,0.67,0,rw_interleaved,1,1,0,0,2,4,7,300,34.0,34.0,34.0,457.142857,34.0,34.0,34.0,457.142857,1000,0
2026-04-03T10:33:17.340282-05:00,rw_7_4_3,0.73,0,rw_interleaved,1,1,0,0,3,4,7,300,34.0,34.0,34.0,388.663968,34.0,34.0,34.0,388.663968,1000,0
2026-04-03T10:33:18.019876-05:00,rw_7_4_4,0.68,0,rw_interleaved,1,1,0,0,4,4,7,300,34.0,34.0,34.0,362.606232,34.0,34.0,34.0,362.606232,1000,0
2026-04-03T10:33:18.710997-05:00,rw_7_4_5,0.69,0,rw_interleaved,1,1,0,0,5,4,7,300,34.0,34.0,34.0,347.826087,34.0,34.0,34.0,347.826087,1000,0
2026-04-03T10:33:19.352190-05:00,rw_7_4_6,0.64,0,rw_interleaved,1,1,0,0,6,4,7,300,34.0,34.0,34.0,338.624339,34.0,34.0,34.0,338.624339,1000,0
2026-04-03T10:33:20.026547-05:00,rw_7_4_7,0.67,0,rw_interleaved,1,1,0,0,7,4,7,300,34.0,34.0,34.0,332.838039,34.0,34.0,34.0,332.838039,1000,0
2026-04-03T10:33:20.690717-05:00,rw_7_4_8,0.66,0,rw_interleaved,1,1,0,0,8,4,7,300,34.0,34.0,34.0,328.205128,34.0,34.0,34.0,328.205128,1000,0
2026-04-03T10:33:21.360902-05:00,rw_7_4_9,0.67,0,rw_interleaved,1,1,0,0,9,4,7,300,34.0,34.0,34.0,324.689966,34.0,34.11,35.0,324.324324,1000,0
2026-04-03T10:33:22.026159-05:00,rw_7_4_10,0.66,0,rw_interleaved,1,1,0,0,10,4,7,300,34.0,34.0,34.0,322.255791,34.0,34.1,35.0,322.255791,1000,0
2026-04-03T10:33:22.743565-05:00,rw_7_4_50,0.72,0,rw_interleaved,1,1,0,0,50,4,7,300,34.0,34.0,34.0,304.18251,34.0,34.12,35.0,304.18251,1000,0
2026-04-03T10:33:23.790745-05:00,rw_7_4_200,1.04,0,rw_interleaved,1,1,0,0,200,4,7,300,34.0,34.0,34.0,301.034807,34.0,34.12,35.0,301.034807,1000,0
2026-04-03T10:33:24.478553-05:00,rw_8_4_1,0.69,0,rw_interleaved,1,1,0,0,1,4,8,300,39.0,39.0,39.0,923.076923,35.0,35.0,35.0,1028.571429,1000,0
2026-04-03T10:33:25.185079-05:00,rw_8_4_2,0.7,0,rw_interleaved,1,1,0,0,2,4,8,300,39.0,39.0,39.0,455.696203,35.0,35.0,35.0,467.532468,1000,0
2026-04-03T10:33:25.830770-05:00,rw_8_4_3,0.64,0,rw_interleaved,1,1,0,0,3,4,8,300,39.0,39.0,39.0,388.489209,35.0,35.0,35.0,394.160584,1000,0
2026-04-03T10:33:26.478903-05:00,rw_8_4_4,0.65,0,rw_interleaved,1,1,0,0,4,4,8,300,39.0,39.0,39.0,361.809045,35.0,35.0,35.0,365.482234,1000,0
2026-04-03T10:33:27.137234-05:00,rw_8_4_5,0.66,0,rw_interleaved,1,1,0,0,5,4,8,300,39.0,39.0,39.0,347.490347,35.0,35.0,35.0,350.194553,1000,0
2026-04-03T10:33:27.850470-05:00,rw_8_4_6,0.71,0,rw_interleaved,1,1,0,0,6,4,8,300,39.0,39.0,39.0,338.557994,35.0,35.0,35.0,340.694006,1000,0
2026-04-03T10:33:28.650259-05:00,rw_8_4_7,0.8,0,rw_interleaved,1,1,0,0,7,4,8,300,39.0,39.0,39.0,332.453826,35.0,35.0,35.0,334.217507,1000,0
2026-04-03T10:33:29.313726-05:00,rw_8_4_8,0.66,0,rw_interleaved,1,1,0,0,8,4,8,300,39.0,39.0,39.0,328.018223,35.0,35.0,35.0,329.519451,1000,0
2026-04-03T10:33:29.947064-05:00,rw_8_4_9,0.63,0,rw_interleaved,1,1,0,0,9,4,8,300,39.0,39.0,39.0,324.649299,35.0,35.0,35.0,325.955734,1000,0
2026-04-03T10:33:30.649293-05:00,rw_8_4_10,0.7,0,rw_interleaved,1,1,0,0,10,4,8,300,39.0,39.0,39.0,322.003578,35.0,35.0,35.0,323.159785,1000,0
2026-04-03T10:33:31.406207-05:00,rw_8_4_50,0.75,0,rw_interleaved,1,1,0,0,50,4,8,300,39.0,39.0,39.0,304.15681,35.0,35.06,36.0,304.36253,1000,0
2026-04-03T10:33:32.530486-05:00,rw_8_4_200,1.12,0,rw_interleaved,1,1,0,0,200,4,8,300,39.0,39.0,39.0,301.028514,35.0,35.06,36.0,301.078866,1000,0
2026-04-03T10:33:33.248139-05:00,rw_9_4_1,0.72,0,rw_interleaved,1,1,0,0,1,4,9,300,39.0,39.0,39.0,1025.641026,36.0,36.0,36.0,1111.111111,1000,0
2026-04-03T10:33:33.934319-05:00,rw_9_4_2,0.68,0,rw_interleaved,1,1,0,0,2,4,9,300,39.0,39.0,39.0,465.116279,36.0,36.0,36.0,473.372781,1000,0
2026-04-03T10:33:34.548530-05:00,rw_9_4_3,0.61,0,rw_interleaved,1,1,0,0,3,4,9,300,39.0,39.0,39.0,393.442623,36.0,36.0,36.0,397.350993,1000,0
2026-04-03T10:33:33.889371-05:00,rw_9_4_4,0.71,0,rw_interleaved,1,1,0,0,4,4,9,300,39.0,39.0,39.0,365.296804,36.0,36.0,36.0,367.816092,1000,0
2026-04-03T10:33:34.613838-05:00,rw_9_4_5,0.72,0,rw_interleaved,1,1,0,0,5,4,9,300,39.0,39.0,39.0,349.65035,36.0,36.0,36.0,351.493849,1000,0
2026-04-03T10:33:35.214329-05:00,rw_9_4_6,0.6,0,rw_interleaved,1,1,0,0,6,4,9,300,39.0,39.0,39.0,340.425532,36.0,36.0,36.0,341.880342,1000,0
2026-04-03T10:33:35.847388-05:00,rw_9_4_7,0.63,0,rw_interleaved,1,1,0,0,7,4,9,300,39.0,39.0,39.0,334.128878,36.0,36.0,36.0,335.329341,1000,0
2026-04-03T10:33:36.560952-05:00,rw_9_4_8,0.71,0,rw_interleaved,1,1,0,0,8,4,9,300,39.0,39.0,39.0,329.218107,36.0,36.0,36.0,330.237358,1000,0
2026-04-03T10:33:37.248194-05:00,rw_9_4_9,0.69,0,rw_interleaved,1,1,0,0,9,4,9,300,39.0,39.0,39.0,325.791855,36.0,36.0,36.0,326.678766,1000,0
2026-04-03T10:33:37.884457-05:00,rw_9_4_10,0.63,0,rw_interleaved,1,1,0,0,10,4,9,300,39.0,39.0,39.0,323.101777,36.0,36.0,36.0,323.88664,1000,0
2026-04-03T10:33:38.636755-05:00,rw_9_4_50,0.75,0,rw_interleaved,1,1,0,0,50,4,9,300,39.0,39.0,39.0,304.321363,36.0,36.06,37.0,304.460344,1000,0
2026-04-03T10:33:39.691282-05:00,rw_9_4_200,1.05,0,rw_interleaved,1,1,0,0,200,4,9,300,39.0,39.0,39.0,301.068794,36.0,36.06,37.0,301.102789,1000,0
2026-04-03T10:33:40.349943-05:00,rw_10_4_1,0.66,0,rw_interleaved,1,1,0,0,1,4,10,300,39.0,39.0,39.0,1128.205128,37.0,37.0,37.0,1189.189189,1000,0
2026-04-03T10:33:41.014369-05:00,rw_10_4_2,0.66,0,rw_interleaved,1,1,0,0,2,4,10,300,39.0,39.0,39.0,475.675676,37.0,37.0,37.0,480.874317,1000,0
2026-04-03T10:33:41.761674-05:00,rw_10_4_3,0.75,0,rw_interleaved,1,1,0,0,3,4,10,300,39.0,39.0,39.0,397.590361,37.0,37.0,37.0,400.0,1000,0
2026-04-03T10:33:42.440251-05:00,rw_10_4_4,0.68,0,rw_interleaved,1,1,0,0,4,4,10,300,39.0,39.0,39.0,367.43215,37.0,37.0,37.0,368.972746,1000,0
2026-04-03T10:33:43.093259-05:00,rw_10_4_5,0.65,0,rw_interleaved,1,1,0,0,5,4,10,300,39.0,39.0,39.0,352.0,37.0,37.0,37.0,353.130016,1000,0
2026-04-03T10:33:43.744281-05:00,rw_10_4_6,0.65,0,rw_interleaved,1,1,0,0,6,4,10,300,39.0,39.0,39.0,341.968912,37.0,37.0,37.0,342.857143,1000,0
2026-04-03T10:33:44.482026-05:00,rw_10_4_7,0.74,0,rw_interleaved,1,1,0,0,7,4,10,300,39.0,39.0,39.0,335.146899,37.0,37.0,37.0,335.877863,1000,0
2026-04-03T10:33:45.162415-05:00,rw_10_4_8,0.68,0,rw_interleaved,1,1,0,0,8,4,10,300,39.0,39.0,39.0,330.516432,37.0,37.0,37.0,331.138288,1000,0
2026-04-03T10:33:45.853766-05:00,rw_10_4_9,0.69,0,rw_interleaved,1,1,0,0,9,4,10,300,39.0,39.0,39.0,326.732673,37.0,37.0,37.0,327.272727,1000,0
2026-04-03T10:33:46.506457-05:00,rw_10_4_10,0.65,0,rw_interleaved,1,1,0,0,10,4,10,300,39.0,39.0,39.0,323.767476,37.0,37.0,37.0,324.244657,1000,0
2026-04-03T10:33:47.299993-05:00,rw_10_4_50,0.79,0,rw_interleaved,1,1,0,0,50,4,10,300,39.0,39.0,39.0,304.49827,37.0,37.06,38.0,304.582583,1000,0
2026-04-03T10:33:48.462056-05:00,rw_10_4_200,1.16,0,rw_interleaved,1,1,0,0,200,4,10,300,39.0,39.0,39.0,301.112062,37.0,37.06,38.0,301.132669,1000,0
2026-04-03T10:33:49.200455-05:00,rw_11_4_1,0.74,0,rw_interleaved,1,1,0,0,1,4,11,300,39.0,39.0,39.0,1230.769231,38.0,38.0,38.0,1263.157895,1000,0
2026-04-03T10:33:49.823810-05:00,rw_11_4_2,0.62,0,rw_interleaved,1,1,0,0,2,4,11,300,39.0,39.0,39.0,482.41206,38.0,38.0,38.0,484.848485,1000,0
2026-04-03T10:33:50.510883-05:00,rw_11_4_3,0.69,0,rw_interleaved,1,1,0,0,3,4,11,300,39.0,39.0,39.0,401.114206,38.0,38.0,38.0,402.234637,1000,0
2026-04-03T10:33:51.209410-05:00,rw_11_4_4,0.7,0,rw_interleaved,1,1,0,0,4,4,11,300,39.0,39.0,39.0,369.942197,38.0,38.0,38.0,370.656371,1000,0
2026-04-03T10:33:51.896281-05:00,rw_11_4_5,0.69,0,rw_interleaved,1,1,0,0,5,4,11,300,39.0,39.0,39.0,353.460972,38.0,38.0,38.0,353.982301,1000,0
2026-04-03T10:33:52.646422-05:00,rw_11_4_6,0.75,0,rw_interleaved,1,1,0,0,6,4,11,300,39.0,39.0,39.0,343.265793,38.0,38.0,38.0,343.675418,1000,0
2026-04-03T10:33:53.348327-05:00,rw_11_4_7,0.7,0,rw_interleaved,1,1,0,0,7,4,11,300,39.0,39.0,39.0,336.336336,38.0,38.0,38.0,336.673347,1000,0
2026-04-03T10:33:54.104840-05:00,rw_11_4_8,0.75,0,rw_interleaved,1,1,0,0,8,4,11,300,39.0,39.0,39.0,331.320104,38.0,38.0,38.0,331.606218,1000,0
2026-04-03T10:33:54.707673-05:00,rw_11_4_9,0.6,0,rw_interleaved,1,1,0,0,9,4,11,300,39.0,39.0,39.0,327.520849,38.0,38.0,38.0,327.769347,1000,0
2026-04-03T10:33:55.435631-05:00,rw_11_4_10,0.73,0,rw_interleaved,1,1,0,0,10,4,11,300,39.0,39.0,39.0,324.543611,38.0,38.0,38.0,324.763194,1000,0
2026-04-03T10:33:56.310184-05:00,rw_11_4_50,0.87,0,rw_interleaved,1,1,0,0,50,4,11,300,39.0,39.0,39.0,304.607184,38.0,38.06,39.0,304.645849,1000,0
2026-04-03T10:33:57.530371-05:00,rw_11_4_200,1.22,0,rw_interleaved,1,1,0,0,200,4,11,300,39.0,39.0,39.0,301.138681,38.0,38.06,39.0,301.148127,1000,0
2026-04-03T10:33:58.239195-05:00,rw_12_4_1,0.71,0,rw_interleaved,1,1,0,0,1,4,12,300,44.0,44.0,44.0,1181.818182,39.0,39.0,39.0,1333.333333,1000,0
2026-04-03T10:33:58.843651-05:00,rw_12_4_2,0.6,0,rw_interleaved,1,1,0,0,2,4,12,300,44.0,44.0,44.0,479.262673,39.0,39.0,39.0,490.566038,1000,0
2026-04-03T10:33:59.502697-05:00,rw_12_4_3,0.66,0,rw_interleaved,1,1,0,0,3,4,12,300,44.0,44.0,44.0,400.0,39.0,39.0,39.0,405.194805,1000,0
2026-04-03T10:34:00.298971-05:00,rw_12_4_4,0.79,0,rw_interleaved,1,1,0,0,4,4,12,300,44.0,44.0,44.0,368.794326,39.0,39.0,39.0,372.093023,1000,0
2026-04-03T10:34:00.986167-05:00,rw_12_4_5,0.69,0,rw_interleaved,1,1,0,0,5,4,12,300,44.0,44.0,44.0,352.781547,39.0,39.2,40.0,354.706685,1000,0
2026-04-03T10:34:01.733244-05:00,rw_12_4_6,0.75,0,rw_interleaved,1,1,0,0,6,4,12,300,44.0,44.0,44.0,342.857143,39.0,39.17,40.0,344.751381,1000,0
2026-04-03T10:34:02.408692-05:00,rw_12_4_7,0.67,0,rw_interleaved,1,1,0,0,7,4,12,300,44.0,44.0,44.0,335.793358,39.0,39.14,40.0,337.349398,1000,0
2026-04-03T10:34:03.156445-05:00,rw_12_4_8,0.75,0,rw_interleaved,1,1,0,0,8,4,12,300,44.0,44.0,44.0,330.946698,39.0,39.12,40.0,332.268371,1000,0
2026-04-03T10:34:03.851426-05:00,rw_12_4_9,0.69,0,rw_interleaved,1,1,0,0,9,4,12,300,44.0,44.0,44.0,327.272727,39.0,39.22,40.0,328.190743,1000,0
2026-04-03T10:34:04.535511-05:00,rw_12_4_10,0.68,0,rw_interleaved,1,1,0,0,10,4,12,300,44.0,44.0,44.0,324.189526,39.0,39.2,40.0,325.203252,1000,0
2026-04-03T10:34:05.318117-05:00,rw_12_4_50,0.78,0,rw_interleaved,1,1,0,0,50,4,12,300,44.0,44.0,44.0,304.556636,39.0,39.24,40.0,304.735115,1000,0
2026-04-03T10:34:05.204346-05:00,rw_12_4_200,1.3,0,rw_interleaved,1,1,0,0,200,4,12,300,44.0,44.0,44.0,301.126328,39.0,39.24,40.0,301.169929,1000,0
2026-04-03T10:34:05.932877-05:00,rw_13_4_1,0.73,0,rw_interleaved,1,1,0,0,1,4,13,300,44.0,44.0,44.0,1272.727273,40.0,40.0,40.0,1400.0,1000,0
2026-04-03T10:34:06.632787-05:00,rw_13_4_2,0.7,0,rw_interleaved,1,1,0,0,2,4,13,300,44.0,44.0,44.0,486.956522,40.0,40.0,40.0,495.575221,1000,0
2026-04-03T10:34:07.273493-05:00,rw_13_4_3,0.64,0,rw_interleaved,1,1,0,0,3,4,13,300,44.0,44.0,44.0,402.877698,40.0,40.0,40.0,406.779661,1000,0
2026-04-03T10:34:08.001689-05:00,rw_13_4_4,0.73,0,rw_interleaved,1,1,0,0,4,4,13,300,44.0,44.0,44.0,370.860927,40.0,40.0,40.0,373.333333,1000,0
2026-04-03T10:34:08.707012-05:00,rw_13_4_5,0.7,0,rw_interleaved,1,1,0,0,5,4,13,300,44.0,44.0,44.0,354.43038,40.0,40.2,41.0,355.781449,1000,0
2026-04-03T10:34:09.359609-05:00,rw_13_4_6,0.65,0,rw_interleaved,1,1,0,0,6,4,13,300,44.0,44.0,44.0,343.909928,40.0,40.17,41.0,345.323741,1000,0
2026-04-03T10:34:10.029664-05:00,rw_13_4_7,0.67,0,rw_interleaved,1,1,0,0,7,4,13,300,44.0,44.0,44.0,336.769759,40.0,40.14,41.0,337.931034,1000,0
2026-04-03T10:34:10.762221-05:00,rw_13_4_8,0.73,0,rw_interleaved,1,1,0,0,8,4,13,300,44.0,44.0,44.0,331.851852,40.0,40.12,41.0,332.838039,1000,0
2026-04-03T10:34:11.439964-05:00,rw_13_4_9,0.68,0,rw_interleaved,1,1,0,0,9,4,13,300,44.0,44.0,44.0,327.911516,40.0,40.22,41.0,328.552803,1000,0
2026-04-03T10:34:12.154057-05:00,rw_13_4_10,0.71,0,rw_interleaved,1,1,0,0,10,4,13,300,44.0,44.0,44.0,324.825986,40.0,40.2,41.0,325.581395,1000,0
2026-04-03T10:34:13.011581-05:00,rw_13_4_50,0.86,0,rw_interleaved,1,1,0,0,50,4,13,300,44.0,44.0,44.0,304.678999,40.0,40.24,41.0,304.81167,1000,0
2026-04-03T10:34:14.320483-05:00,rw_13_4_200,1.31,0,rw_interleaved,1,1,0,0,200,4,13,300,44.0,44.0,44.0,301.156225,40.0,40.24,41.0,301.188619,1000,0
2026-04-03T10:34:15.131858-05:00,rw_14_4_1,0.81,0,rw_interleaved,1,1,0,0,1,4,14,300,44.0,44.0,44.0,1363.636364,41.0,41.0,41.0,1463.414634,1000,0
2026-04-03T10:34:15.804483-05:00,rw_14_4_2,0.67,0,rw_interleaved,1,1,0,0,2,4,14,300,44.0,44.0,44.0,491.803279,41.0,41.0,41.0,497.925311,1000,0
2026-04-03T10:34:16.500935-05:00,rw_14_4_3,0.7,0,rw_interleaved,1,1,0,0,3,4,14,300,44.0,44.0,44.0,405.405405,41.0,41.0,41.0,408.163265,1000,0
2026-04-03T10:34:17.224390-05:00,rw_14_4_4,0.72,0,rw_interleaved,1,1,0,0,4,4,14,300,44.0,44.0,44.0,372.670807,41.0,41.0,41.0,374.414977,1000,0
2026-04-03T10:34:17.926374-05:00,rw_14_4_5,0.7,0,rw_interleaved,1,1,0,0,5,4,14,300,44.0,44.0,44.0,355.450237,41.0,41.2,42.0,356.294537,1000,0
2026-04-03T10:34:18.616879-05:00,rw_14_4_6,0.69,0,rw_interleaved,1,1,0,0,6,4,14,300,44.0,44.0,44.0,344.827586,41.0,41.17,42.0,345.821326,1000,0
2026-04-03T10:34:19.330517-05:00,rw_14_4_7,0.71,0,rw_interleaved,1,1,0,0,7,4,14,300,44.0,44.0,44.0,337.620579,41.0,41.14,42.0,338.436745,1000,0
2026-04-03T10:34:20.108902-05:00,rw_14_4_8,0.78,0,rw_interleaved,1,1,0,0,8,4,14,300,44.0,44.0,44.0,332.409972,41.0,41.12,42.0,333.102012,1000,0
2026-04-03T10:34:20.836510-05:00,rw_14_4_9,0.73,0,rw_interleaved,1,1,0,0,9,4,14,300,44.0,44.0,44.0,328.467153,41.0,41.22,42.0,328.867235,1000,0
2026-04-03T10:34:21.643372-05:00,rw_14_4_10,0.81,0,rw_interleaved,1,1,0,0,10,4,14,300,44.0,44.0,44.0,325.37961,41.0,41.2,42.0,325.909832,1000,0
2026-04-03T10:34:22.458875-05:00,rw_14_4_50,0.81,0,rw_interleaved,1,1,0,0,50,4,14,300,44.0,44.0,44.0,304.754165,41.0,41.24,42.0,304.847068,1000,0
2026-04-03T10:34:23.765913-05:00,rw_14_4_200,1.31,0,rw_interleaved,1,1,0,0,200,4,14,300,44.0,44.0,44.0,301.174581,41.0,41.24,42.0,301.197259,1000,0
2026-04-03T10:34:24.444064-05:00,rw_15_4_1,0.68,0,rw_interleaved,1,1,0,0,1,4,15,300,44.0,44.0,44.0,1454.545455,42.0,42.0,42.0,1523.809524,1000,0
2026-04-03T10:34:25.122005-05:00,rw_15_4_2,0.68,0,rw_interleaved,1,1,0,0,2,4,15,300,44.0,44.0,44.0,498.054475,42.0,42.0,42.0,501.960784,1000,0
2026-04-03T10:34:25.793336-05:00,rw_15_4_3,0.67,0,rw_interleaved,1,1,0,0,3,4,15,300,44.0,44.0,44.0,408.510638,42.0,42.0,42.0,410.25641,1000,0
2026-04-03T10:34:26.454309-05:00,rw_15_4_4,0.66,0,rw_interleaved,1,1,0,0,4,4,15,300,44.0,44.0,44.0,374.269006,42.0,42.0,42.0,375.366569,1000,0
2026-04-03T10:34:27.183525-05:00,rw_15_4_5,0.73,0,rw_interleaved,1,1,0,0,5,4,15,300,44.0,44.0,44.0,356.744705,42.0,42.2,43.0,357.142857,1000,0
2026-04-03T10:34:27.849861-05:00,rw_15_4_6,0.66,0,rw_interleaved,1,1,0,0,6,4,15,300,44.0,44.0,44.0,345.945946,42.0,42.17,43.0,346.570397,1000,0
2026-04-03T10:34:28.503624-05:00,rw_15_4_7,0.65,0,rw_interleaved,1,1,0,0,7,4,15,300,44.0,44.0,44.0,338.36858,42.0,42.14,43.0,338.880484,1000,0
2026-04-03T10:34:29.203940-05:00,rw_15_4_8,0.7,0,rw_interleaved,1,1,0,0,8,4,15,300,44.0,44.0,44.0,333.116461,42.0,42.12,43.0,333.550489,1000,0
2026-04-03T10:34:29.914004-05:00,rw_15_4_9,0.71,0,rw_interleaved,1,1,0,0,9,4,15,300,44.0,44.0,44.0,329.142857,42.0,42.22,43.0,329.331046,1000,0
2026-04-03T10:34:30.637363-05:00,rw_15_4_10,0.72,0,rw_interleaved,1,1,0,0,10,4,15,300,44.0,44.0,44.0,325.86558,42.0,42.2,43.0,326.197757,1000,0
2026-04-03T10:34:31.520729-05:00,rw_15_4_50,0.88,0,rw_interleaved,1,1,0,0,50,4,15,300,44.0,44.0,44.0,304.849004,42.0,42.24,43.0,304.907099,1000,0
2026-04-03T10:34:32.963233-05:00,rw_15_4_200,1.44,0,rw_interleaved,1,1,0,0,200,4,15,300,44.0,44.0,44.0,301.197732,42.0,42.24,43.0,301.211907,1000,0
2026-04-03T10:34:33.692947-05:00,rw_16_4_1,0.73,0,rw_interleaved,1,1,0,0,1,4,16,300,49.0,49.0,49.0,1387.755102,43.0,43.0,43.0,1581.395349,1000,0
2026-04-03T10:34:34.424545-05:00,rw_16_4_2,0.73,0,rw_interleaved,1,1,0,0,2,4,16,300,49.0,49.0,49.0,494.545455,43.0,43.0,43.0,505.576208,1000,0
2026-04-03T10:34:35.129960-05:00,rw_16_4_3,0.7,0,rw_interleaved,1,1,0,0,3,4,16,300,49.0,49.0,49.0,406.374502,43.0,43.0,43.0,411.290323,1000,0
2026-04-03T10:34:35.848965-05:00,rw_16_4_4,0.72,0,rw_interleaved,1,1,0,0,4,4,16,300,49.0,49.0,49.0,373.113855,43.0,43.0,43.0,376.210235,1000,0
2026-04-03T10:34:36.547037-05:00,rw_16_4_5,0.7,0,rw_interleaved,1,1,0,0,5,4,16,300,49.0,49.0,49.0,356.020942,43.0,43.0,43.0,358.271865,1000,0
2026-04-03T10:34:35.838764-05:00,rw_16_4_6,0.71,0,rw_interleaved,1,1,0,0,6,4,16,300,49.0,49.0,49.0,345.177665,43.0,43.0,43.0,346.938776,1000,0
2026-04-03T10:34:36.564607-05:00,rw_16_4_7,0.72,0,rw_interleaved,1,1,0,0,7,4,16,300,49.0,49.0,49.0,337.828247,43.0,43.0,43.0,339.272986,1000,0
2026-04-03T10:34:37.291363-05:00,rw_16_4_8,0.73,0,rw_interleaved,1,1,0,0,8,4,16,300,49.0,49.0,49.0,332.721713,43.0,43.0,43.0,333.947207,1000,0
2026-04-03T10:34:37.977553-05:00,rw_16_4_9,0.68,0,rw_interleaved,1,1,0,0,9,4,16,300,49.0,49.0,49.0,328.67884,43.0,43.0,43.0,329.741379,1000,0
2026-04-03T10:34:38.672524-05:00,rw_16_4_10,0.69,0,rw_interleaved,1,1,0,0,10,4,16,300,49.0,49.0,49.0,325.5146,43.0,43.0,43.0,326.452232,1000,0
2026-04-03T10:34:39.480194-05:00,rw_16_4_50,0.81,0,rw_interleaved,1,1,0,0,50,4,16,300,49.0,49.0,49.0,304.796056,43.0,43.06,44.0,304.960086,1000,0
2026-04-03T10:34:40.804092-05:00,rw_16_4_200,1.32,0,rw_interleaved,1,1,0,0,200,4,16,300,49.0,49.0,49.0,301.184808,43.0,43.06,44.0,301.224833,1000,0
2026-04-03T10:34:41.459153-05:00,rw_2_8_1,0.65,0,rw_interleaved,1,1,0,0,1,8,2,300,32.0,32.0,32.0,750.0,29.0,29.0,29.0,827.586207,1000,0
2026-04-03T10:34:42.141340-05:00,rw_2_8_2,0.68,0,rw_interleaved,1,1,0,0,2,8,2,300,32.0,32.0,32.0,432.432432,29.0,29.0,29.0,444.444444,1000,0
2026-04-03T10:34:42.810532-05:00,rw_2_8_3,0.67,0,rw_interleaved,1,1,0,0,3,8,2,300,32.0,32.0,32.0,376.963351,29.0,29.0,29.0,382.978723,1000,0
2026-04-03T10:34:43.467397-05:00,rw_2_8_4,0.65,0,rw_interleaved,1,1,0,0,4,8,2,300,32.0,32.0,32.0,354.243542,29.0,29.0,29.0,358.208955,1000,0
2026-04-03T10:34:44.151944-05:00,rw_2_8_5,0.68,0,rw_interleaved,1,1,0,0,5,8,2,300,32.0,32.0,32.0,341.880342,29.0,29.0,29.0,344.827586,1000,0
2026-04-03T10:34:44.842485-05:00,rw_2_8_6,0.69,0,rw_interleaved,1,1,0,0,6,8,2,300,32.0,32.0,32.0,334.106729,29.0,29.0,29.0,336.448598,1000,0
2026-04-03T10:34:45.573127-05:00,rw_2_8_7,0.73,0,rw_interleaved,1,1,0,0,7,8,2,300,32.0,32.0,32.0,328.767123,29.0,29.0,29.0,330.708661,1000,0
2026-04-03T10:34:46.266986-05:00,rw_2_8_8,0.69,0,rw_interleaved,1,1,0,0,8,8,2,300,32.0,32.0,32.0,324.873096,29.0,29.0,29.0,326.530612,1000,0
2026-04-03T10:34:46.992035-05:00,rw_2_8_9,0.72,0,rw_interleaved,1,1,0,0,9,8,2,300,32.0,32.0,32.0,321.907601,29.0,29.11,30.0,322.869955,1000,0
2026-04-03T10:34:47.697671-05:00,rw_2_8_10,0.7,0,rw_interleaved,1,1,0,0,10,8,2,300,32.0,32.0,32.0,319.573901,29.0,29.1,30.0,320.855615,1000,0
2026-04-03T10:34:48.520083-05:00,rw_2_8_50,0.82,0,rw_interleaved,1,1,0,0,50,8,2,300,32.0,32.0,32.0,303.720577,29.0,29.12,30.0,303.951368,1000,0
2026-04-03T10:34:49.525695-05:00,rw_2_8_200,1.0,0,rw_interleaved,1,1,0,0,200,8,2,300,32.0,32.0,32.0,300.921572,29.0,29.12,30.0,300.978179,1000,0
2026-04-03T10:34:50.253612-05:00,rw_3_8_1,0.73,0,rw_interleaved,1,1,0,0,1,8,3,300,32.0,32.0,32.0,1000.0,30.0,30.0,30.0,1066.666667,1000,0
2026-04-03T10:34:50.943552-05:00,rw_3_8_2,0.69,0,rw_interleaved,1,1,0,0,2,8,3,300,32.0,32.0,32.0,463.768116,30.0,30.0,30.0,470.588235,1000,0
2026-04-03T10:34:51.642588-05:00,rw_3_8_3,0.7,0,rw_interleaved,1,1,0,0,3,8,3,300,32.0,32.0,32.0,391.836735,30.0,30.0,30.0,395.061728,1000,0
2026-04-03T10:34:52.306075-05:00,rw_3_8_4,0.66,0,rw_interleaved,1,1,0,0,4,8,3,300,32.0,32.0,32.0,364.672365,30.0,30.0,30.0,366.762178,1000,0
2026-04-03T10:34:52.952727-05:00,rw_3_8_5,0.64,0,rw_interleaved,1,1,0,0,5,8,3,300,32.0,32.0,32.0,349.344978,30.0,30.0,30.0,350.877193,1000,0
2026-04-03T10:34:53.592588-05:00,rw_3_8_6,0.64,0,rw_interleaved,1,1,0,0,6,8,3,300,32.0,32.0,32.0,339.823009,30.0,30.0,30.0,341.030195,1000,0
2026-04-03T10:34:54.257266-05:00,rw_3_8_7,0.66,0,rw_interleaved,1,1,0,0,7,8,3,300,32.0,32.0,32.0,333.830104,30.0,30.0,30.0,334.828102,1000,0
2026-04-03T10:34:54.927448-05:00,rw_3_8_8,0.67,0,rw_interleaved,1,1,0,0,8,8,3,300,32.0,32.0,32.0,329.048843,30.0,30.0,30.0,329.896907,1000,0
2026-04-03T10:34:55.600965-05:00,rw_3_8_9,0.67,0,rw_interleaved,1,1,0,0,9,8,3,300,32.0,32.0,32.0,325.423729,30.0,30.11,31.0,325.791855,1000,0
2026-04-03T10:34:56.271982-05:00,rw_3_8_10,0.67,0,rw_interleaved,1,1,0,0,10,8,3,300,32.0,32.0,32.0,322.906155,30.0,30.1,31.0,323.559151,1000,0
2026-04-03T10:34:56.996864-05:00,rw_3_8_50,0.72,0,rw_interleaved,1,1,0,0,50,8,3,300,32.0,32.0,32.0,304.298212,30.0,30.12,31.0,304.414003,1000,0
2026-04-03T10:34:57.974298-05:00,rw_3_8_200,0.98,0,rw_interleaved,1,1,0,0,200,8,3,300,32.0,32.0,32.0,301.063129,30.0,30.12,31.0,301.091457,1000,0
2026-04-03T10:34:58.666474-05:00,rw_4_8_1,0.69,0,rw_interleaved,1,1,0,0,1,8,4,300,35.0,35.0,35.0,1142.857143,31.0,31.0,31.0,1290.322581,1000,0
2026-04-03T10:34:59.402756-05:00,rw_4_8_2,0.73,0,rw_interleaved,1,1,0,0,2,8,4,300,35.0,35.0,35.0,476.190476,31.0,31.0,31.0,487.804878,1000,0
2026-04-03T10:35:00.083183-05:00,rw_4_8_3,0.68,0,rw_interleaved,1,1,0,0,3,8,4,300,35.0,35.0,35.0,398.671096,31.0,31.0,31.0,404.040404,1000,0
2026-04-03T10:35:00.747914-05:00,rw_4_8_4,0.66,0,rw_interleaved,1,1,0,0,4,8,4,300,35.0,35.0,35.0,367.816092,31.0,31.0,31.0,371.229698,1000,0
2026-04-03T10:35:01.397652-05:00,rw_4_8_5,0.65,0,rw_interleaved,1,1,0,0,5,8,4,300,35.0,35.0,35.0,352.112676,31.0,31.0,31.0,354.609929,1000,0
2026-04-03T10:35:02.127570-05:00,rw_4_8_6,0.73,0,rw_interleaved,1,1,0,0,6,8,4,300,35.0,35.0,35.0,342.368046,31.0,31.0,31.0,344.332855,1000,0
2026-04-03T10:35:02.808057-05:00,rw_4_8_7,0.68,0,rw_interleaved,1,1,0,0,7,8,4,300,35.0,35.0,35.0,335.329341,31.0,31.0,31.0,336.943442,1000,0
2026-04-03T10:35:03.472704-05:00,rw_4_8_8,0.66,0,rw_interleaved,1,1,0,0,8,8,4,300,35.0,35.0,35.0,330.578512,31.0,31.0,31.0,331.950207,1000,0
2026-04-03T10:35:04.125174-05:00,rw_4_8_9,0.65,0,rw_interleaved,1,1,0,0,9,8,4,300,35.0,35.0,35.0,326.975477,31.0,31.0,31.0,328.16773,1000,0
2026-04-03T10:35:04.851476-05:00,rw_4_8_10,0.72,0,rw_interleaved,1,1,0,0,10,8,4,300,35.0,35.0,35.0,323.88664,31.0,31.0,31.0,324.939074,1000,0
2026-04-03T10:35:05.629315-05:00,rw_4_8_50,0.78,0,rw_interleaved,1,1,0,0,50,8,4,300,35.0,35.0,35.0,304.506699,31.0,31.06,32.0,304.692261,1000,0
2026-04-03T10:35:06.791565-05:00,rw_4_8_200,1.16,0,rw_interleaved,1,1,0,0,200,8,4,300,35.0,35.0,35.0,301.114122,31.0,31.06,32.0,301.159464,1000,0
2026-04-03T10:35:06.157304-05:00,rw_5_8_1,0.72,0,rw_interleaved,1,1,0,0,1,8,5,300,35.0,35.0,35.0,1371.428571,32.0,32.0,32.0,1500.0,1000,0
2026-04-03T10:35:06.820170-05:00,rw_5_8_2,0.66,0,rw_interleaved,1,1,0,0,2,8,5,300,35.0,35.0,35.0,492.307692,32.0,32.0,32.0,500.0,1000,0
2026-04-03T10:35:07.461332-05:00,rw_5_8_3,0.64,0,rw_interleaved,1,1,0,0,3,8,5,300,35.0,35.0,35.0,405.633803,32.0,32.0,32.0,409.090909,1000,0
2026-04-03T10:35:08.127954-05:00,rw_5_8_4,0.66,0,rw_interleaved,1,1,0,0,4,8,5,300,35.0,35.0,35.0,372.815534,32.0,32.0,32.0,375.0,1000,0
2026-04-03T10:35:08.809342-05:00,rw_5_8_5,0.68,0,rw_interleaved,1,1,0,0,5,8,5,300,35.0,35.0,35.0,355.555556,32.0,32.0,32.0,357.142857,1000,0
2026-04-03T10:35:09.507846-05:00,rw_5_8_6,0.7,0,rw_interleaved,1,1,0,0,6,8,5,300,35.0,35.0,35.0,344.91018,32.0,32.0,32.0,346.153846,1000,0
2026-04-03T10:35:10.192322-05:00,rw_5_8_7,0.68,0,rw_interleaved,1,1,0,0,7,8,5,300,35.0,35.0,35.0,337.688442,32.0,32.0,32.0,338.709677,1000,0
2026-04-03T10:35:10.877713-05:00,rw_5_8_8,0.68,0,rw_interleaved,1,1,0,0,8,8,5,300,35.0,35.0,35.0,332.467532,32.0,32.0,32.0,333.333333,1000,0
2026-04-03T10:35:11.562456-05:00,rw_5_8_9,0.68,0,rw_interleaved,1,1,0,0,9,8,5,300,35.0,35.0,35.0,328.51711,32.0,32.0,32.0,329.268293,1000,0
2026-04-03T10:35:12.307897-05:00,rw_5_8_10,0.74,0,rw_interleaved,1,1,0,0,10,8,5,300,35.0,35.0,35.0,325.423729,32.0,32.0,32.0,326.086957,1000,0
2026-04-03T10:35:13.133367-05:00,rw_5_8_50,0.82,0,rw_interleaved,1,1,0,0,50,8,5,300,35.0,35.0,35.0,304.761905,32.0,32.06,33.0,304.878049,1000,0
2026-04-03T10:35:14.380049-05:00,rw_5_8_200,1.25,0,rw_interleaved,1,1,0,0,200,8,5,300,35.0,35.0,35.0,301.176471,32.0,32.06,33.0,301.204819,1000,0
2026-04-03T10:35:15.044640-05:00,rw_6_8_1,0.66,0,rw_interleaved,1,1,0,0,1,8,6,300,38.0,38.0,38.0,1473.684211,33.0,33.0,33.0,1696.969697,1000,0
2026-04-03T10:35:15.734475-05:00,rw_6_8_2,0.69,0,rw_interleaved,1,1,0,0,2,8,6,300,38.0,38.0,38.0,500.0,33.0,33.0,33.0,511.415525,1000,0
2026-04-03T10:35:16.415478-05:00,rw_6_8_3,0.68,0,rw_interleaved,1,1,0,0,3,8,6,300,38.0,38.0,38.0,408.759124,33.0,33.0,33.0,413.793103,1000,0
2026-04-03T10:35:17.095925-05:00,rw_6_8_4,0.68,0,rw_interleaved,1,1,0,0,4,8,6,300,38.0,38.0,38.0,374.58194,33.0,33.0,33.0,377.740304,1000,0
2026-04-03T10:35:17.765262-05:00,rw_6_8_5,0.67,0,rw_interleaved,1,1,0,0,5,8,6,300,38.0,38.0,38.0,357.142857,33.0,33.2,34.0,358.974359,1000,0
2026-04-03T10:35:18.516763-05:00,rw_6_8_6,0.75,0,rw_interleaved,1,1,0,0,6,8,6,300,38.0,38.0,38.0,346.035015,33.0,33.17,34.0,347.826087,1000,0
2026-04-03T10:35:19.227329-05:00,rw_6_8_7,0.71,0,rw_interleaved,1,1,0,0,7,8,6,300,38.0,38.0,38.0,338.51468,33.0,33.14,34.0,339.982654,1000,0
2026-04-03T10:35:19.993498-05:00,rw_6_8_8,0.76,0,rw_interleaved,1,1,0,0,8,8,6,300,38.0,38.0,38.0,333.333333,33.0,33.12,34.0,334.578043,1000,0
2026-04-03T10:35:20.640010-05:00,rw_6_8_9,0.64,0,rw_interleaved,1,1,0,0,9,8,6,300,38.0,38.0,38.0,329.196604,33.0,33.22,34.0,330.058939,1000,0
2026-04-03T10:35:21.357397-05:00,rw_6_8_10,0.72,0,rw_interleaved,1,1,0,0,10,8,6,300,38.0,38.0,38.0,325.960419,33.0,33.2,34.0,326.911851,1000,0
2026-04-03T10:35:22.205449-05:00,rw_6_8_50,0.85,0,rw_interleaved,1,1,0,0,50,8,6,300,38.0,38.0,38.0,304.878049,33.0,33.24,34.0,305.044122,1000,0
2026-04-03T10:35:23.495198-05:00,rw_6_8_200,1.29,0,rw_interleaved,1,1,0,0,200,8,6,300,38.0,38.0,38.0,301.204819,33.0,33.24,34.0,301.245327,1000,0
2026-04-03T10:35:24.169192-05:00,rw_7_8_1,0.67,0,rw_interleaved,1,1,0,0,1,8,7,300,38.0,38.0,38.0,1684.210526,34.0,34.0,34.0,1882.352941,1000,0
2026-04-03T10:35:24.880382-05:00,rw_7_8_2,0.71,0,rw_interleaved,1,1,0,0,2,8,7,300,38.0,38.0,38.0,509.960159,34.0,34.0,34.0,518.218623,1000,0
2026-04-03T10:35:25.566776-05:00,rw_7_8_3,0.68,0,rw_interleaved,1,1,0,0,3,8,7,300,38.0,38.0,38.0,413.793103,34.0,34.0,34.0,417.391304,1000,0
2026-04-03T10:35:26.278780-05:00,rw_7_8_4,0.71,0,rw_interleaved,1,1,0,0,4,8,7,300,38.0,38.0,38.0,377.581121,34.0,34.0,34.0,379.821958,1000,0
2026-04-03T10:35:26.953787-05:00,rw_7_8_5,0.67,0,rw_interleaved,1,1,0,0,5,8,7,300,38.0,38.0,38.0,359.147026,34.0,34.2,35.0,360.36036,1000,0
2026-04-03T10:35:27.658423-05:00,rw_7_8_6,0.7,0,rw_interleaved,1,1,0,0,6,8,7,300,38.0,38.0,38.0,347.826087,34.0,34.17,35.0,349.090909,1000,0
2026-04-03T10:35:28.360574-05:00,rw_7_8_7,0.7,0,rw_interleaved,1,1,0,0,7,8,7,300,38.0,38.0,38.0,339.908953,34.0,34.14,35.0,340.943683,1000,0
2026-04-03T10:35:29.088348-05:00,rw_7_8_8,0.73,0,rw_interleaved,1,1,0,0,8,8,7,300,38.0,38.0,38.0,334.421946,34.0,34.12,35.0,335.29797,1000,0
2026-04-03T10:35:29.894134-05:00,rw_7_8_9,0.8,0,rw_interleaved,1,1,0,0,9,8,7,300,38.0,38.0,38.0,330.275229,34.0,34.22,35.0,330.844342,1000,0
2026-04-03T10:35:30.544114-05:00,rw_7_8_10,0.65,0,rw_interleaved,1,1,0,0,10,8,7,300,38.0,38.0,38.0,326.864147,34.0,34.2,35.0,327.533265,1000,0
2026-04-03T10:35:31.364988-05:00,rw_7_8_50,0.82,0,rw_interleaved,1,1,0,0,50,8,7,300,38.0,38.0,38.0,305.023353,34.0,34.24,35.0,305.139697,1000,0
2026-04-03T10:35:32.686149-05:00,rw_7_8_200,1.32,0,rw_interleaved,1,1,0,0,200,8,7,300,38.0,38.0,38.0,301.240263,34.0,34.24,35.0,301.268623,1000,0
2026-04-03T10:35:33.409208-05:00,rw_8_8_1,0.72,0,rw_interleaved,1,1,0,0,1,8,8,300,41.0,41.0,41.0,1756.097561,35.0,35.0,35.0,2057.142857,1000,0
2026-04-03T10:35:34.085520-05:00,rw_8_8_2,0.67,0,rw_interleaved,1,1,0,0,2,8,8,300,41.0,41.0,41.0,512.455516,35.0,35.0,35.0,523.636364,1000,0
2026-04-03T10:35:34.739290-05:00,rw_8_8_3,0.65,0,rw_interleaved,1,1,0,0,3,8,8,300,41.0,41.0,41.0,414.587332,35.0,35.0,35.0,419.417476,1000,0
2026-04-03T10:35:35.445070-05:00,rw_8_8_4,0.7,0,rw_interleaved,1,1,0,0,4,8,8,300,41.0,41.0,41.0,378.449409,35.0,35.0,35.0,381.456954,1000,0
2026-04-03T10:35:36.153428-05:00,rw_8_8_5,0.71,0,rw_interleaved,1,1,0,0,5,8,8,300,41.0,41.0,41.0,359.64036,35.0,35.0,35.0,361.809045,1000,0
2026-04-03T10:35:36.865348-05:00,rw_8_8_6,0.71,0,rw_interleaved,1,1,0,0,6,8,8,300,41.0,41.0,41.0,348.106366,35.0,35.0,35.0,349.797571,1000,0
2026-04-03T10:35:37.558223-05:00,rw_8_8_7,0.69,0,rw_interleaved,1,1,0,0,7,8,8,300,41.0,41.0,41.0,340.310601,35.0,35.0,35.0,341.694915,1000,0
2026-04-03T10:35:38.268811-05:00,rw_8_8_8,0.71,0,rw_interleaved,1,1,0,0,8,8,8,300,41.0,41.0,41.0,334.689134,35.0,35.0,35.0,335.860058,1000,0
2026-04-03T10:35:37.573745-05:00,rw_8_8_9,0.67,0,rw_interleaved,1,1,0,0,9,8,8,300,41.0,41.0,41.0,330.443651,35.0,35.0,35.0,331.457801,1000,0
2026-04-03T10:35:38.294761-05:00,rw_8_8_10,0.72,0,rw_interleaved,1,1,0,0,10,8,8,300,41.0,41.0,41.0,327.124035,35.0,35.0,35.0,328.018223,1000,0
2026-04-03T10:35:39.120560-05:00,rw_8_8_50,0.82,0,rw_interleaved,1,1,0,0,50,8,8,300,41.0,41.0,41.0,305.058893,35.0,35.06,36.0,305.214074,1000,0
2026-04-03T10:35:40.557858-05:00,rw_8_8_200,1.44,0,rw_interleaved,1,1,0,0,200,8,8,300,41.0,41.0,41.0,301.248928,35.0,35.06,36.0,301.286745,1000,0
2026-04-03T10:35:41.228551-05:00,rw_9_8_1,0.67,0,rw_interleaved,1,1,0,0,1,8,9,300,41.0,41.0,41.0,1951.219512,36.0,36.0,36.0,2222.222222,1000,0
2026-04-03T10:35:41.937144-05:00,rw_9_8_2,0.71,0,rw_interleaved,1,1,0,0,2,8,9,300,41.0,41.0,41.0,521.172638,36.0,36.0,36.0,529.801325,1000,0
2026-04-03T10:35:42.641002-05:00,rw_9_8_3,0.7,0,rw_interleaved,1,1,0,0,3,8,9,300,41.0,41.0,41.0,418.118467,36.0,36.0,36.0,421.792619,1000,0
2026-04-03T10:35:43.344555-05:00,rw_9_8_4,0.7,0,rw_interleaved,1,1,0,0,4,8,9,300,41.0,41.0,41.0,380.499405,36.0,36.0,36.0,382.77512,1000,0
2026-04-03T10:35:44.123217-05:00,rw_9_8_5,0.78,0,rw_interleaved,1,1,0,0,5,8,9,300,41.0,41.0,41.0,361.336947,36.0,36.0,36.0,362.976407,1000,0
2026-04-03T10:35:44.747594-05:00,rw_9_8_6,0.62,0,rw_interleaved,1,1,0,0,6,8,9,300,41.0,41.0,41.0,349.344978,36.0,36.0,36.0,350.620891,1000,0
2026-04-03T10:35:45.493487-05:00,rw_9_8_7,0.74,0,rw_interleaved,1,1,0,0,7,8,9,300,41.0,41.0,41.0,341.255332,36.0,36.0,36.0,342.298289,1000,0
2026-04-03T10:35:46.189542-05:00,rw_9_8_8,0.69,0,rw_interleaved,1,1,0,0,8,8,9,300,41.0,41.0,41.0,335.605663,36.0,36.0,36.0,336.487907,1000,0
2026-04-03T10:35:46.915058-05:00,rw_9_8_9,0.72,0,rw_interleaved,1,1,0,0,9,8,9,300,41.0,41.0,41.0,331.186753,36.0,36.0,36.0,331.950207,1000,0
2026-04-03T10:35:47.610025-05:00,rw_9_8_10,0.69,0,rw_interleaved,1,1,0,0,10,8,9,300,41.0,41.0,41.0,327.734535,36.0,36.0,36.0,328.407225,1000,0
2026-04-03T10:35:48.485014-05:00,rw_9_8_50,0.87,0,rw_interleaved,1,1,0,0,50,8,9,300,41.0,41.0,41.0,305.180438,36.0,36.06,37.0,305.296901,1000,0
2026-04-03T10:35:49.991030-05:00,rw_9_8_200,1.5,0,rw_interleaved,1,1,0,0,200,8,9,300,41.0,41.0,41.0,301.278551,36.0,36.06,37.0,301.306919,1000,0
2026-04-03T10:35:50.707230-05:00,rw_10_8_1,0.71,0,rw_interleaved,1,1,0,0,1,8,10,300,44.0,44.0,44.0,2000.0,37.0,37.0,37.0,2378.378378,1000,0
2026-04-03T10:35:51.381864-05:00,rw_10_8_2,0.67,0,rw_interleaved,1,1,0,0,2,8,10,300,44.0,44.0,44.0,522.255193,37.0,37.0,37.0,533.333333,1000,0
2026-04-03T10:35:52.092161-05:00,rw_10_8_3,0.71,0,rw_interleaved,1,1,0,0,3,8,10,300,44.0,44.0,44.0,419.047619,37.0,37.0,37.0,423.756019,1000,0
2026-04-03T10:35:52.800461-05:00,rw_10_8_4,0.71,0,rw_interleaved,1,1,0,0,4,8,10,300,44.0,44.0,44.0,380.952381,37.0,37.0,37.0,383.860414,1000,0
2026-04-03T10:35:53.455502-05:00,rw_10_8_5,0.65,0,rw_interleaved,1,1,0,0,5,8,10,300,44.0,44.0,44.0,361.544782,37.0,37.0,37.0,363.636364,1000,0
2026-04-03T10:35:54.190473-05:00,rw_10_8_6,0.73,0,rw_interleaved,1,1,0,0,6,8,10,300,44.0,44.0,44.0,349.668874,37.0,37.0,37.0,351.297405,1000,0
2026-04-03T10:35:54.895135-05:00,rw_10_8_7,0.7,0,rw_interleaved,1,1,0,0,7,8,10,300,44.0,44.0,44.0,341.463415,37.0,37.0,37.0,342.793545,1000,0
2026-04-03T10:35:55.584413-05:00,rw_10_8_8,0.69,0,rw_interleaved,1,1,0,0,8,8,10,300,44.0,44.0,44.0,335.717692,37.0,37.0,37.0,336.842105,1000,0
2026-04-03T10:35:56.290283-05:00,rw_10_8_9,0.7,0,rw_interleaved,1,1,0,0,9,8,10,300,44.0,44.0,44.0,331.380753,37.0,37.11,38.0,332.214765,1000,0
2026-04-03T10:35:57.012144-05:00,rw_10_8_10,0.72,0,rw_interleaved,1,1,0,0,10,8,10,300,44.0,44.0,44.0,327.868852,37.0,37.1,38.0,328.726186,1000,0
2026-04-03T10:35:57.915513-05:00,rw_10_8_50,0.9,0,rw_interleaved,1,1,0,0,50,8,10,300,44.0,44.0,44.0,305.195256,37.0,37.12,38.0,305.343511,1000,0
2026-04-03T10:35:59.482235-05:00,rw_10_8_200,1.57,0,rw_interleaved,1,1,0,0,200,8,10,300,44.0,44.0,44.0,301.282161,37.0,37.12,38.0,301.318267,1000,0
2026-04-03T10:36:00.180539-05:00,rw_11_8_1,0.7,0,rw_interleaved,1,1,0,0,1,8,11,300,44.0,44.0,44.0,2181.818182,38.0,38.0,38.0,2526.315789,1000,0
2026-04-03T10:36:00.894401-05:00,rw_11_8_2,0.71,0,rw_interleaved,1,1,0,0,2,8,11,300,44.0,44.0,44.0,527.472527,38.0,38.0,38.0,536.312849,1000,0
2026-04-03T10:36:01.649244-05:00,rw_11_8_3,0.75,0,rw_interleaved,1,1,0,0,3,8,11,300,44.0,44.0,44.0,421.052632,38.0,38.0,38.0,424.778761,1000,0
2026-04-03T10:36:02.339536-05:00,rw_11_8_4,0.69,0,rw_interleaved,1,1,0,0,4,8,11,300,44.0,44.0,44.0,382.47012,38.0,38.0,38.0,384.769539,1000,0
2026-04-03T10:36:03.047085-05:00,rw_11_8_5,0.71,0,rw_interleaved,1,1,0,0,5,8,11,300,44.0,44.0,44.0,362.537764,38.0,38.0,38.0,364.188164,1000,0
2026-04-03T10:36:03.750276-05:00,rw_11_8_6,0.7,0,rw_interleaved,1,1,0,0,6,8,11,300,44.0,44.0,44.0,350.364964,38.0,38.0,38.0,351.648352,1000,0
2026-04-03T10:36:04.476008-05:00,rw_11_8_7,0.72,0,rw_interleaved,1,1,0,0,7,8,11,300,44.0,44.0,44.0,342.158859,38.0,38.0,38.0,343.207354,1000,0
2026-04-03T10:36:05.245325-05:00,rw_11_8_8,0.77,0,rw_interleaved,1,1,0,0,8,8,11,300,44.0,44.0,44.0,336.252189,38.0,38.0,38.0,337.13784,1000,0
2026-04-03T10:36:05.927979-05:00,rw_11_8_9,0.68,0,rw_interleaved,1,1,0,0,9,8,11,300,44.0,44.0,44.0,331.797235,38.0,38.11,39.0,332.435552,1000,0
2026-04-03T10:36:06.661541-05:00,rw_11_8_10,0.73,0,rw_interleaved,1,1,0,0,10,8,11,300,44.0,44.0,44.0,328.317373,38.0,38.1,39.0,328.992461,1000,0
2026-04-03T10:36:07.564835-05:00,rw_11_8_50,0.9,0,rw_interleaved,1,1,0,0,50,8,11,300,44.0,44.0,44.0,305.265836,38.0,38.12,39.0,305.382364,1000,0
2026-04-03T10:36:07.784724-05:00,rw_11_8_200,1.61,0,rw_interleaved,1,1,0,0,200,8,11,300,44.0,44.0,44.0,301.299353,38.0,38.12,39.0,301.327725,1000,0
2026-04-03T10:36:08.553623-05:00,rw_12_8_1,0.77,0,rw_interleaved,1,1,0,0,1,8,12,300,47.0,47.0,47.0,2212.765957,39.0,39.0,39.0,2666.666667,1000,0
2026-04-03T10:36:09.246214-05:00,rw_12_8_2,0.69,0,rw_interleaved,1,1,0,0,2,8,12,300,47.0,47.0,47.0,529.262087,39.0,39.0,39.0,540.25974,1000,0
2026-04-03T10:36:09.940961-05:00,rw_12_8_3,0.69,0,rw_interleaved,1,1,0,0,3,8,12,300,47.0,47.0,47.0,421.621622,39.0,39.0,39.0,426.229508,1000,0
2026-04-03T10:36:10.626451-05:00,rw_12_8_4,0.68,0,rw_interleaved,1,1,0,0,4,8,12,300,47.0,47.0,47.0,382.704692,39.0,39.0,39.0,385.542169,1000,0
2026-04-03T10:36:11.478812-05:00,rw_12_8_5,0.85,0,rw_interleaved,1,1,0,0,5,8,12,300,47.0,47.0,47.0,362.875087,39.0,39.0,39.0,364.912281,1000,0
2026-04-03T10:36:12.164115-05:00,rw_12_8_6,0.68,0,rw_interleaved,1,1,0,0,6,8,12,300,47.0,47.0,47.0,350.561798,39.0,39.0,39.0,352.14447,1000,0
2026-04-03T10:36:12.872530-05:00,rw_12_8_7,0.71,0,rw_interleaved,1,1,0,0,7,8,12,300,47.0,47.0,47.0,342.266102,39.0,39.0,39.0,343.558282,1000,0
2026-04-03T10:36:13.576009-05:00,rw_12_8_8,0.7,0,rw_interleaved,1,1,0,0,8,8,12,300,47.0,47.0,47.0,336.433482,39.0,39.0,39.0,337.525355,1000,0
2026-04-03T10:36:14.267284-05:00,rw_12_8_9,0.69,0,rw_interleaved,1,1,0,0,9,8,12,300,47.0,47.0,47.0,331.914894,39.0,39.0,39.0,332.859175,1000,0
2026-04-03T10:36:14.965924-05:00,rw_12_8_10,0.7,0,rw_interleaved,1,1,0,0,10,8,12,300,47.0,47.0,47.0,328.386486,39.0,39.0,39.0,329.218107,1000,0
2026-04-03T10:36:15.920635-05:00,rw_12_8_50,0.95,0,rw_interleaved,1,1,0,0,50,8,12,300,47.0,47.0,47.0,305.289732,39.0,39.06,40.0,305.433186,1000,0
2026-04-03T10:36:17.719223-05:00,rw_12_8_200,1.8,0,rw_interleaved,1,1,0,0,200,8,12,300,47.0,47.0,47.0,301.305173,39.0,39.06,40.0,301.340094,1000,0
2026-04-03T10:36:18.449968-05:00,rw_13_8_1,0.73,0,rw_interleaved,1,1,0,0,1,8,13,300,47.0,47.0,47.0,2382.978723,40.0,40.0,40.0,2800.0,1000,0
2026-04-03T10:36:19.148763-05:00,rw_13_8_2,0.7,0,rw_interleaved,1,1,0,0,2,8,13,300,47.0,47.0,47.0,533.333333,40.0,40.0,40.0,542.372881,1000,0
2026-04-03T10:36:19.835234-05:00,rw_13_8_3,0.69,0,rw_interleaved,1,1,0,0,3,8,13,300,47.0,47.0,47.0,423.70744,40.0,40.0,40.0,427.480916,1000,0
2026-04-03T10:36:20.535632-05:00,rw_13_8_4,0.7,0,rw_interleaved,1,1,0,0,4,8,13,300,47.0,47.0,47.0,383.890317,40.0,40.0,40.0,386.206897,1000,0
2026-04-03T10:36:21.232936-05:00,rw_13_8_5,0.7,0,rw_interleaved,1,1,0,0,5,8,13,300,47.0,47.0,47.0,363.636364,40.0,40.0,40.0,365.296804,1000,0
2026-04-03T10:36:21.914979-05:00,rw_13_8_6,0.68,0,rw_interleaved,1,1,0,0,6,8,13,300,47.0,47.0,47.0,351.280711,40.0,40.0,40.0,352.570829,1000,0
2026-04-03T10:36:22.610573-05:00,rw_13_8_7,0.69,0,rw_interleaved,1,1,0,0,7,8,13,300,47.0,47.0,47.0,342.807171,40.0,40.0,40.0,343.859649,1000,0
2026-04-03T10:36:23.403221-05:00,rw_13_8_8,0.79,0,rw_interleaved,1,1,0,0,8,8,13,300,47.0,47.0,47.0,336.842105,40.0,40.0,40.0,337.730871,1000,0
2026-04-03T10:36:24.211850-05:00,rw_13_8_9,0.81,0,rw_interleaved,1,1,0,0,9,8,13,300,47.0,47.0,47.0,332.344214,40.0,40.0,40.0,333.11302,1000,0
2026-04-03T10:36:24.960436-05:00,rw_13_8_10,0.75,0,rw_interleaved,1,1,0,0,10,8,13,300,47.0,47.0,47.0,328.734957,40.0,40.0,40.0,329.411765,1000,0
2026-04-03T10:36:26.022330-05:00,rw_13_8_50,1.06,0,rw_interleaved,1,1,0,0,50,8,13,300,47.0,47.0,47.0,305.343511,40.0,40.06,41.0,305.460099,1000,0
2026-04-03T10:36:27.705224-05:00,rw_13_8_200,1.68,0,rw_interleaved,1,1,0,0,200,8,13,300,47.0,47.0,47.0,301.318267,40.0,40.06,41.0,301.346643,1000,0
2026-04-03T10:36:28.402071-05:00,rw_14_8_1,0.7,0,rw_interleaved,1,1,0,0,1,8,14,300,50.0,50.0,50.0,2400.0,41.0,41.0,41.0,2926.829268,1000,0
2026-04-03T10:36:29.064823-05:00,rw_14_8_2,0.66,0,rw_interleaved,1,1,0,0,2,8,14,300,50.0,50.0,50.0,533.333333,41.0,41.0,41.0,544.217687,1000,0
2026-04-03T10:36:29.740759-05:00,rw_14_8_3,0.67,0,rw_interleaved,1,1,0,0,3,8,14,300,50.0,50.0,50.0,423.529412,41.0,41.33,42.0,427.553444,1000,0
2026-04-03T10:36:30.448785-05:00,rw_14_8_4,0.71,0,rw_interleaved,1,1,0,0,4,8,14,300,50.0,50.0,50.0,384.0,41.0,41.25,42.0,386.784851,1000,0
2026-04-03T10:36:31.183561-05:00,rw_14_8_5,0.73,0,rw_interleaved,1,1,0,0,5,8,14,300,50.0,50.0,50.0,363.636364,41.0,41.4,42.0,365.408039,1000,0
2026-04-03T10:36:31.944921-05:00,rw_14_8_6,0.76,0,rw_interleaved,1,1,0,0,6,8,14,300,50.0,50.0,50.0,351.219512,41.0,41.33,42.0,352.768251,1000,0
2026-04-03T10:36:32.705048-05:00,rw_14_8_7,0.76,0,rw_interleaved,1,1,0,0,7,8,14,300,50.0,50.0,50.0,342.857143,41.0,41.43,42.0,343.980344,1000,0
2026-04-03T10:36:33.458983-05:00,rw_14_8_8,0.75,0,rw_interleaved,1,1,0,0,8,8,14,300,50.0,50.0,50.0,336.842105,41.0,41.37,42.0,337.909187,1000,0
2026-04-03T10:36:34.231049-05:00,rw_14_8_9,0.77,0,rw_interleaved,1,1,0,0,9,8,14,300,50.0,50.0,50.0,332.307692,41.0,41.44,42.0,333.127699,1000,0
2026-04-03T10:36:34.999579-05:00,rw_14_8_10,0.77,0,rw_interleaved,1,1,0,0,10,8,14,300,50.0,50.0,50.0,328.767123,41.0,41.4,42.0,329.579786,1000,0
2026-04-03T10:36:35.929014-05:00,rw_14_8_50,0.93,0,rw_interleaved,1,1,0,0,50,8,14,300,50.0,50.0,50.0,305.343511,41.0,41.48,42.0,305.483428,1000,0
2026-04-03T10:36:37.885204-05:00,rw_14_8_200,1.95,0,rw_interleaved,1,1,0,0,200,8,14,300,50.0,50.0,50.0,301.318267,41.0,41.49,42.0,301.352319,1000,0
2026-04-03T10:36:38.540392-05:00,rw_15_8_1,0.65,0,rw_interleaved,1,1,0,0,1,8,15,300,50.0,50.0,50.0,2560.0,42.0,42.0,42.0,3047.619048,1000,0
2026-04-03T10:36:39.263975-05:00,rw_15_8_2,0.72,0,rw_interleaved,1,1,0,0,2,8,15,300,50.0,50.0,50.0,537.815126,42.0,42.0,42.0,547.008547,1000,0
2026-04-03T10:36:39.935762-05:00,rw_15_8_3,0.67,0,rw_interleaved,1,1,0,0,3,8,15,300,50.0,50.0,50.0,425.249169,42.0,42.33,43.0,428.571429,1000,0
2026-04-03T10:36:39.210473-05:00,rw_15_8_4,0.68,0,rw_interleaved,1,1,0,0,4,8,15,300,50.0,50.0,50.0,384.962406,42.0,42.25,43.0,387.291982,1000,0
2026-04-03T10:36:39.894307-05:00,rw_15_8_5,0.68,0,rw_interleaved,1,1,0,0,5,8,15,300,50.0,50.0,50.0,364.464692,42.0,42.4,43.0,365.923385,1000,0
2026-04-03T10:36:40.586299-05:00,rw_15_8_6,0.69,0,rw_interleaved,1,1,0,0,6,8,15,300,50.0,50.0,50.0,351.809437,42.0,42.33,43.0,353.103448,1000,0
2026-04-03T10:36:41.289327-05:00,rw_15_8_7,0.7,0,rw_interleaved,1,1,0,0,7,8,15,300,50.0,50.0,50.0,343.295019,42.0,42.43,43.0,344.21821,1000,0
2026-04-03T10:36:42.039599-05:00,rw_15_8_8,0.75,0,rw_interleaved,1,1,0,0,8,8,15,300,50.0,50.0,50.0,337.285903,42.0,42.37,43.0,338.177015,1000,0
2026-04-03T10:36:42.782082-05:00,rw_15_8_9,0.74,0,rw_interleaved,1,1,0,0,9,8,15,300,50.0,50.0,50.0,332.659544,42.0,42.44,43.0,333.333333,1000,0
2026-04-03T10:36:43.489735-05:00,rw_15_8_10,0.71,0,rw_interleaved,1,1,0,0,10,8,15,300,50.0,50.0,50.0,329.048843,42.0,42.4,43.0,329.726945,1000,0
2026-04-03T10:36:44.515170-05:00,rw_15_8_50,1.02,0,rw_interleaved,1,1,0,0,50,8,15,300,50.0,50.0,50.0,305.401794,42.0,42.48,43.0,305.518427,1000,0
2026-04-03T10:36:46.402802-05:00,rw_15_8_200,1.89,0,rw_interleaved,1,1,0,0,200,8,15,300,50.0,50.0,50.0,301.332454,42.0,42.49,43.0,301.360833,1000,0
2026-04-03T10:36:47.108178-05:00,rw_16_8_1,0.7,0,rw_interleaved,1,1,0,0,1,8,16,300,53.0,53.0,53.0,2566.037736,43.0,43.0,43.0,3162.790698,1000,0
2026-04-03T10:36:47.838459-05:00,rw_16_8_2,0.73,0,rw_interleaved,1,1,0,0,2,8,16,300,53.0,53.0,53.0,537.549407,43.0,43.0,43.0,548.387097,1000,0
2026-04-03T10:36:48.521610-05:00,rw_16_8_3,0.68,0,rw_interleaved,1,1,0,0,3,8,16,300,53.0,53.0,53.0,425.44317,43.0,43.0,43.0,429.926238,1000,0
2026-04-03T10:36:49.245906-05:00,rw_16_8_4,0.72,0,rw_interleaved,1,1,0,0,4,8,16,300,53.0,53.0,53.0,384.996461,43.0,43.0,43.0,387.740556,1000,0
2026-04-03T10:36:49.955359-05:00,rw_16_8_5,0.71,0,rw_interleaved,1,1,0,0,5,8,16,300,53.0,53.0,53.0,364.415863,43.0,43.0,43.0,366.37931,1000,0
2026-04-03T10:36:50.697763-05:00,rw_16_8_6,0.74,0,rw_interleaved,1,1,0,0,6,8,16,300,53.0,53.0,53.0,351.875809,43.0,43.0,43.0,353.39974,1000,0
2026-04-03T10:36:51.492213-05:00,rw_16_8_7,0.79,0,rw_interleaved,1,1,0,0,7,8,16,300,53.0,53.0,53.0,343.310494,43.0,43.0,43.0,344.553022,1000,0
2026-04-03T10:36:52.190950-05:00,rw_16_8_8,0.7,0,rw_interleaved,1,1,0,0,8,8,16,300,53.0,53.0,53.0,337.259764,43.0,43.0,43.0,338.308458,1000,0
2026-04-03T10:36:52.932317-05:00,rw_16_8_9,0.74,0,rw_interleaved,1,1,0,0,9,8,16,300,53.0,53.0,53.0,332.699103,43.0,43.0,43.0,333.605887,1000,0
2026-04-03T10:36:53.658958-05:00,rw_16_8_10,0.72,0,rw_interleaved,1,1,0,0,10,8,16,300,53.0,53.0,53.0,329.058795,43.0,43.0,43.0,329.8569,1000,0
2026-04-03T10:36:54.685870-05:00,rw_16_8_50,1.02,0,rw_interleaved,1,1,0,0,50,8,16,300,53.0,53.0,53.0,305.398365,43.0,43.06,44.0,305.535586,1000,0
2026-04-03T10:36:56.854186-05:00,rw_16_8_200,2.17,0,rw_interleaved,1,1,0,0,200,8,16,300,53.0,53.0,53.0,301.33162,43.0,43.06,44.0,301.365006,1000,0
2026-04-03T10:36:57.613088-05:00,rw_2_16_1,0.76,0,rw_interleaved,1,1,0,0,1,16,2,300,33.0,33.0,33.0,1454.545455,29.0,29.0,29.0,1655.172414,1000,0
2026-04-03T10:36:58.221354-05:00,rw_2_16_2,0.61,0,rw_interleaved,1,1,0,0,2,16,2,300,33.0,33.0,33.0,497.409326,29.0,29.0,29.0,507.936508,1000,0
2026-04-03T10:36:58.947746-05:00,rw_2_16_3,0.73,0,rw_interleaved,1,1,0,0,3,16,2,300,33.0,33.0,33.0,407.932011,29.0,29.0,29.0,412.60745,1000,0
2026-04-03T10:36:59.590959-05:00,rw_2_16_4,0.64,0,rw_interleaved,1,1,0,0,4,16,2,300,33.0,33.0,33.0,374.269006,29.0,29.0,29.0,377.210216,1000,0
2026-04-03T10:37:00.319150-05:00,rw_2_16_5,0.73,0,rw_interleaved,1,1,0,0,5,16,2,300,33.0,33.0,33.0,356.612184,29.0,29.0,29.0,358.744395,1000,0
2026-04-03T10:37:00.955739-05:00,rw_2_16_6,0.64,0,rw_interleaved,1,1,0,0,6,16,2,300,33.0,33.0,33.0,345.738295,29.0,29.17,30.0,346.987952,1000,0
2026-04-03T10:37:01.652602-05:00,rw_2_16_7,0.7,0,rw_interleaved,1,1,0,0,7,16,2,300,33.0,33.0,33.0,338.36858,29.0,29.14,30.0,339.737108,1000,0
2026-04-03T10:37:02.303773-05:00,rw_2_16_8,0.65,0,rw_interleaved,1,1,0,0,8,16,2,300,33.0,33.0,33.0,333.044232,29.0,29.12,30.0,334.203655,1000,0
2026-04-03T10:37:03.020687-05:00,rw_2_16_9,0.71,0,rw_interleaved,1,1,0,0,9,16,2,300,33.0,33.0,33.0,329.017517,29.0,29.11,30.0,330.022918,1000,0
2026-04-03T10:37:03.813886-05:00,rw_2_16_10,0.79,0,rw_interleaved,1,1,0,0,10,16,2,300,33.0,33.0,33.0,325.86558,29.0,29.1,30.0,326.752893,1000,0
2026-04-03T10:37:04.610228-05:00,rw_2_16_50,0.79,0,rw_interleaved,1,1,0,0,50,16,2,300,33.0,33.0,33.0,304.839324,29.0,29.18,30.0,304.994281,1000,0
2026-04-03T10:37:05.856751-05:00,rw_2_16_200,1.24,0,rw_interleaved,1,1,0,0,200,16,2,300,33.0,33.0,33.0,301.195369,29.0,29.18,30.0,301.233173,1000,0
2026-04-03T10:37:06.534655-05:00,rw_3_16_1,0.68,0,rw_interleaved,1,1,0,0,1,16,3,300,35.0,35.0,35.0,1828.571429,30.0,30.0,30.0,2133.333333,1000,0
2026-04-03T10:37:07.230665-05:00,rw_3_16_2,0.69,0,rw_interleaved,1,1,0,0,2,16,3,300,35.0,35.0,35.0,516.129032,30.0,30.0,30.0,526.748971,1000,0
2026-04-03T10:37:07.887326-05:00,rw_3_16_3,0.65,0,rw_interleaved,1,1,0,0,3,16,3,300,35.0,35.0,35.0,416.4859,30.0,30.0,30.0,421.052632,1000,0
2026-04-03T10:37:08.568163-05:00,rw_3_16_4,0.68,0,rw_interleaved,1,1,0,0,4,16,3,300,35.0,35.0,35.0,379.259259,30.0,30.0,30.0,382.089552,1000,0
2026-04-03T10:37:09.272681-05:00,rw_3_16_5,0.7,0,rw_interleaved,1,1,0,0,5,16,3,300,35.0,35.0,35.0,360.36036,30.0,30.2,31.0,361.99095,1000,0
2026-04-03T10:37:09.950954-05:00,rw_3_16_6,0.68,0,rw_interleaved,1,1,0,0,6,16,3,300,35.0,35.0,35.0,348.773842,30.0,30.17,31.0,350.364964,1000,0
2026-04-03T10:37:10.653564-05:00,rw_3_16_7,0.7,0,rw_interleaved,1,1,0,0,7,16,3,300,35.0,35.0,35.0,340.684411,30.0,30.14,31.0,341.984733,1000,0
2026-04-03T10:37:09.978972-05:00,rw_3_16_8,0.7,0,rw_interleaved,1,1,0,0,8,16,3,300,35.0,35.0,35.0,335.078534,30.0,30.12,31.0,336.178595,1000,0
2026-04-03T10:37:10.673672-05:00,rw_3_16_9,0.69,0,rw_interleaved,1,1,0,0,9,16,3,300,35.0,35.0,35.0,330.844342,30.0,30.22,31.0,331.606218,1000,0
2026-04-03T10:37:11.407519-05:00,rw_3_16_10,0.73,0,rw_interleaved,1,1,0,0,10,16,3,300,35.0,35.0,35.0,327.365729,30.0,30.2,31.0,328.205128,1000,0
2026-04-03T10:37:12.254409-05:00,rw_3_16_50,0.84,0,rw_interleaved,1,1,0,0,50,16,3,300,35.0,35.0,35.0,305.110603,30.0,30.24,31.0,305.256129,1000,0
2026-04-03T10:37:13.552985-05:00,rw_3_16_200,1.3,0,rw_interleaved,1,1,0,0,200,16,3,300,35.0,35.0,35.0,301.261533,30.0,30.24,31.0,301.296989,1000,0
2026-04-03T10:37:14.217317-05:00,rw_4_16_1,0.66,0,rw_interleaved,1,1,0,0,1,16,4,300,37.0,37.0,37.0,2162.162162,31.0,31.0,31.0,2580.645161,1000,0
2026-04-03T10:37:14.911046-05:00,rw_4_16_2,0.69,0,rw_interleaved,1,1,0,0,2,16,4,300,37.0,37.0,37.0,528.052805,31.0,31.0,31.0,538.720539,1000,0
2026-04-03T10:37:15.703940-05:00,rw_4_16_3,0.79,0,rw_interleaved,1,1,0,0,3,16,4,300,37.0,37.0,37.0,421.052632,31.0,31.0,31.0,425.531915,1000,0
2026-04-03T10:37:16.337081-05:00,rw_4_16_4,0.63,0,rw_interleaved,1,1,0,0,4,16,4,300,37.0,37.0,37.0,382.317802,31.0,31.25,32.0,384.615385,1000,0
2026-04-03T10:37:17.008337-05:00,rw_4_16_5,0.67,0,rw_interleaved,1,1,0,0,5,16,4,300,37.0,37.0,37.0,362.647325,31.0,31.2,32.0,364.630811,1000,0
2026-04-03T10:37:17.720528-05:00,rw_4_16_6,0.71,0,rw_interleaved,1,1,0,0,6,16,4,300,37.0,37.0,37.0,350.364964,31.0,31.17,32.0,351.906158,1000,0
2026-04-03T10:37:18.471002-05:00,rw_4_16_7,0.75,0,rw_interleaved,1,1,0,0,7,16,4,300,37.0,37.0,37.0,342.089188,31.0,31.29,32.0,343.137255,1000,0
2026-04-03T10:37:19.156476-05:00,rw_4_16_8,0.68,0,rw_interleaved,1,1,0,0,8,16,4,300,37.0,37.0,37.0,336.311088,31.0,31.25,32.0,337.374802,1000,0
2026-04-03T10:37:19.883371-05:00,rw_4_16_9,0.73,0,rw_interleaved,1,1,0,0,9,16,4,300,37.0,37.0,37.0,331.797235,31.0,31.22,32.0,332.71719,1000,0
2026-04-03T10:37:20.588654-05:00,rw_4_16_10,0.7,0,rw_interleaved,1,1,0,0,10,16,4,300,37.0,37.0,37.0,328.272466,31.0,31.3,32.0,328.947368,1000,0
2026-04-03T10:37:21.447739-05:00,rw_4_16_50,0.86,0,rw_interleaved,1,1,0,0,50,16,4,300,37.0,37.0,37.0,305.273601,31.0,31.24,32.0,305.413453,1000,0
2026-04-03T10:37:22.894951-05:00,rw_4_16_200,1.45,0,rw_interleaved,1,1,0,0,200,16,4,300,37.0,37.0,37.0,301.301245,31.0,31.25,32.0,301.335292,1000,0
2026-04-03T10:37:23.592740-05:00,rw_5_16_1,0.7,0,rw_interleaved,1,1,0,0,1,16,5,300,39.0,39.0,39.0,2461.538462,32.0,32.0,32.0,3000.0,1000,0
2026-04-03T10:37:24.311398-05:00,rw_5_16_2,0.72,0,rw_interleaved,1,1,0,0,2,16,5,300,39.0,39.0,39.0,534.818942,32.0,32.0,32.0,545.454545,1000,0
2026-04-03T10:37:25.000948-05:00,rw_5_16_3,0.69,0,rw_interleaved,1,1,0,0,3,16,5,300,39.0,39.0,39.0,424.153166,32.0,32.0,32.0,428.571429,1000,0
2026-04-03T10:37:25.695962-05:00,rw_5_16_4,0.69,0,rw_interleaved,1,1,0,0,4,16,5,300,39.0,39.0,39.0,384.384384,32.0,32.0,32.0,387.096774,1000,0
2026-04-03T10:37:26.433901-05:00,rw_5_16_5,0.74,0,rw_interleaved,1,1,0,0,5,16,5,300,39.0,39.0,39.0,363.912055,32.0,32.0,32.0,365.853659,1000,0
2026-04-03T10:37:27.115185-05:00,rw_5_16_6,0.68,0,rw_interleaved,1,1,0,0,6,16,5,300,39.0,39.0,39.0,351.433801,32.0,32.17,33.0,352.725046,1000,0
2026-04-03T10:37:27.823337-05:00,rw_5_16_7,0.71,0,rw_interleaved,1,1,0,0,7,16,5,300,39.0,39.0,39.0,343.032159,32.0,32.14,33.0,344.262295,1000,0
2026-04-03T10:37:28.550703-05:00,rw_5_16_8,0.73,0,rw_interleaved,1,1,0,0,8,16,5,300,39.0,39.0,39.0,336.989908,32.0,32.12,33.0,338.028169,1000,0
2026-04-03T10:37:29.312375-05:00,rw_5_16_9,0.76,0,rw_interleaved,1,1,0,0,9,16,5,300,39.0,39.0,39.0,332.435552,32.0,32.22,33.0,333.204782,1000,0
2026-04-03T10:37:30.021848-05:00,rw_5_16_10,0.71,0,rw_interleaved,1,1,0,0,10,16,5,300,39.0,39.0,39.0,328.879753,32.0,32.2,33.0,329.67033,1000,0
2026-04-03T10:37:30.922743-05:00,rw_5_16_50,0.9,0,rw_interleaved,1,1,0,0,50,16,5,300,39.0,39.0,39.0,305.362937,32.0,32.24,33.0,305.498982,1000,0
2026-04-03T10:37:32.517863-05:00,rw_5_16_200,1.59,0,rw_interleaved,1,1,0,0,200,16,5,300,39.0,39.0,39.0,301.322996,32.0,32.24,33.0,301.356102,1000,0
2026-04-03T10:37:33.216083-05:00,rw_6_16_1,0.7,0,rw_interleaved,1,1,0,0,1,16,6,300,41.0,41.0,41.0,2731.707317,33.0,33.0,33.0,3393.939394,1000,0
2026-04-03T10:37:33.901440-05:00,rw_6_16_2,0.68,0,rw_interleaved,1,1,0,0,2,16,6,300,41.0,41.0,41.0,541.062802,33.0,33.0,33.0,551.724138,1000,0
2026-04-03T10:37:34.630200-05:00,rw_6_16_3,0.73,0,rw_interleaved,1,1,0,0,3,16,6,300,41.0,41.0,41.0,426.937738,33.0,33.33,34.0,430.769231,1000,0
2026-04-03T10:37:35.302797-05:00,rw_6_16_4,0.67,0,rw_interleaved,1,1,0,0,4,16,6,300,41.0,41.0,41.0,385.874246,33.0,33.25,34.0,388.551605,1000,0
2026-04-03T10:37:36.012335-05:00,rw_6_16_5,0.71,0,rw_interleaved,1,1,0,0,5,16,6,300,41.0,41.0,41.0,365.05867,33.0,33.2,34.0,366.972477,1000,0
2026-04-03T10:37:36.722241-05:00,rw_6_16_6,0.71,0,rw_interleaved,1,1,0,0,6,16,6,300,41.0,41.0,41.0,352.385947,33.0,33.17,34.0,353.870458,1000,0
2026-04-03T10:37:37.479706-05:00,rw_6_16_7,0.76,0,rw_interleaved,1,1,0,0,7,16,6,300,41.0,41.0,41.0,343.7089,33.0,33.14,34.0,344.91861,1000,0
2026-04-03T10:37:38.175165-05:00,rw_6_16_8,0.69,0,rw_interleaved,1,1,0,0,8,16,6,300,41.0,41.0,41.0,337.603617,33.0,33.12,34.0,338.624339,1000,0
2026-04-03T10:37:38.889405-05:00,rw_6_16_9,0.71,0,rw_interleaved,1,1,0,0,9,16,6,300,41.0,41.0,41.0,333.002973,33.0,33.11,34.0,333.885393,1000,0
2026-04-03T10:37:39.675302-05:00,rw_6_16_10,0.78,0,rw_interleaved,1,1,0,0,10,16,6,300,41.0,41.0,41.0,329.314907,33.0,33.2,34.0,329.994107,1000,0
2026-04-03T10:37:40.565101-05:00,rw_6_16_50,0.89,0,rw_interleaved,1,1,0,0,50,16,6,300,41.0,41.0,41.0,305.443438,33.0,33.24,34.0,305.576776,1000,0
2026-04-03T10:37:40.884807-05:00,rw_6_16_200,1.71,0,rw_interleaved,1,1,0,0,200,16,6,300,41.0,41.0,41.0,301.342589,33.0,33.24,34.0,301.375024,1000,0
2026-04-03T10:37:41.573052-05:00,rw_7_16_1,0.69,0,rw_interleaved,1,1,0,0,1,16,7,300,43.0,43.0,43.0,2976.744186,34.0,34.0,34.0,3764.705882,1000,0
2026-04-03T10:37:42.287099-05:00,rw_7_16_2,0.71,0,rw_interleaved,1,1,0,0,2,16,7,300,43.0,43.0,43.0,545.842217,34.0,34.0,34.0,556.521739,1000,0
2026-04-03T10:37:42.991704-05:00,rw_7_16_3,0.7,0,rw_interleaved,1,1,0,0,3,16,7,300,43.0,43.0,43.0,428.571429,34.0,34.33,35.0,432.432432,1000,0
2026-04-03T10:37:43.675798-05:00,rw_7_16_4,0.68,0,rw_interleaved,1,1,0,0,4,16,7,300,43.0,43.0,43.0,386.999244,34.0,34.25,35.0,389.649924,1000,0
2026-04-03T10:37:44.377453-05:00,rw_7_16_5,0.7,0,rw_interleaved,1,1,0,0,5,16,7,300,43.0,43.0,43.0,365.923385,34.0,34.4,35.0,367.604825,1000,0
2026-04-03T10:37:45.098649-05:00,rw_7_16_6,0.72,0,rw_interleaved,1,1,0,0,6,16,7,300,43.0,43.0,43.0,352.941176,34.0,34.33,35.0,354.407014,1000,0
2026-04-03T10:37:45.812134-05:00,rw_7_16_7,0.71,0,rw_interleaved,1,1,0,0,7,16,7,300,43.0,43.0,43.0,344.21821,34.0,34.43,35.0,345.279383,1000,0
2026-04-03T10:37:46.542927-05:00,rw_7_16_8,0.73,0,rw_interleaved,1,1,0,0,8,16,7,300,43.0,43.0,43.0,338.065368,34.0,34.37,35.0,339.072848,1000,0
2026-04-03T10:37:47.268330-05:00,rw_7_16_9,0.72,0,rw_interleaved,1,1,0,0,9,16,7,300,43.0,43.0,43.0,333.333333,34.0,34.44,35.0,334.106729,1000,0
2026-04-03T10:37:48.008585-05:00,rw_7_16_10,0.74,0,rw_interleaved,1,1,0,0,10,16,7,300,43.0,43.0,43.0,329.642029,34.0,34.4,35.0,330.407847,1000,0
2026-04-03T10:37:49.073763-05:00,rw_7_16_50,1.06,0,rw_interleaved,1,1,0,0,50,16,7,300,43.0,43.0,43.0,305.503843,34.0,34.48,35.0,305.635148,1000,0
2026-04-03T10:37:50.915764-05:00,rw_7_16_200,1.84,0,rw_interleaved,1,1,0,0,200,16,7,300,43.0,43.0,43.0,301.357285,34.0,34.49,35.0,301.389216,1000,0
2026-04-03T10:37:51.609085-05:00,rw_8_16_1,0.69,0,rw_interleaved,1,1,0,0,1,16,8,300,45.0,45.0,45.0,3200.0,35.0,35.0,35.0,4114.285714,1000,0
2026-04-03T10:37:52.345351-05:00,rw_8_16_2,0.73,0,rw_interleaved,1,1,0,0,2,16,8,300,45.0,45.0,45.0,548.571429,35.0,35.0,35.0,559.223301,1000,0
2026-04-03T10:37:53.019775-05:00,rw_8_16_3,0.67,0,rw_interleaved,1,1,0,0,3,16,8,300,45.0,45.0,45.0,429.850746,35.0,35.0,35.0,434.170854,1000,0
2026-04-03T10:37:53.718284-05:00,rw_8_16_4,0.7,0,rw_interleaved,1,1,0,0,4,16,8,300,45.0,45.0,45.0,387.878788,35.0,35.0,35.0,390.508475,1000,0
2026-04-03T10:37:54.394427-05:00,rw_8_16_5,0.67,0,rw_interleaved,1,1,0,0,5,16,8,300,45.0,45.0,45.0,366.412214,35.0,35.0,35.0,368.286445,1000,0
2026-04-03T10:37:55.098322-05:00,rw_8_16_6,0.7,0,rw_interleaved,1,1,0,0,6,16,8,300,45.0,45.0,45.0,353.374233,35.0,35.17,36.0,354.679803,1000,0
2026-04-03T10:37:55.825872-05:00,rw_8_16_7,0.73,0,rw_interleaved,1,1,0,0,7,16,8,300,45.0,45.0,45.0,344.615385,35.0,35.14,36.0,345.797599,1000,0
2026-04-03T10:37:56.583538-05:00,rw_8_16_8,0.76,0,rw_interleaved,1,1,0,0,8,16,8,300,45.0,45.0,45.0,338.325991,35.0,35.25,36.0,339.222615,1000,0
2026-04-03T10:37:57.266908-05:00,rw_8_16_9,0.68,0,rw_interleaved,1,1,0,0,9,16,8,300,45.0,45.0,45.0,333.590734,35.0,35.22,36.0,334.451613,1000,0
2026-04-03T10:37:57.968357-05:00,rw_8_16_10,0.7,0,rw_interleaved,1,1,0,0,10,16,8,300,45.0,45.0,45.0,329.896907,35.0,35.2,36.0,330.65442,1000,0
2026-04-03T10:37:58.929587-05:00,rw_8_16_50,0.96,0,rw_interleaved,1,1,0,0,50,16,8,300,45.0,45.0,45.0,305.537874,35.0,35.24,36.0,305.667586,1000,0
2026-04-03T10:38:00.950173-05:00,rw_8_16_200,2.02,0,rw_interleaved,1,1,0,0,200,16,8,300,45.0,45.0,45.0,301.365563,35.0,35.25,36.0,301.393947,1000,0
2026-04-03T10:38:01.628455-05:00,rw_9_16_1,0.68,0,rw_interleaved,1,1,0,0,1,16,9,300,47.0,47.0,47.0,3404.255319,36.0,36.0,36.0,4444.444444,1000,0
2026-04-03T10:38:02.241782-05:00,rw_9_16_2,0.61,0,rw_interleaved,1,1,0,0,2,16,9,300,47.0,47.0,47.0,551.724138,36.0,36.0,36.0,562.390158,1000,0
2026-04-03T10:38:02.912313-05:00,rw_9_16_3,0.67,0,rw_interleaved,1,1,0,0,3,16,9,300,47.0,47.0,47.0,431.266846,36.0,36.0,36.0,435.571688,1000,0
2026-04-03T10:38:03.592792-05:00,rw_9_16_4,0.68,0,rw_interleaved,1,1,0,0,4,16,9,300,47.0,47.0,47.0,388.821385,36.0,36.25,37.0,391.198044,1000,0
2026-04-03T10:38:04.324141-05:00,rw_9_16_5,0.73,0,rw_interleaved,1,1,0,0,5,16,9,300,47.0,47.0,47.0,366.972477,36.0,36.2,37.0,368.833564,1000,0
2026-04-03T10:38:05.080942-05:00,rw_9_16_6,0.76,0,rw_interleaved,1,1,0,0,6,16,9,300,47.0,47.0,47.0,353.851825,36.0,36.17,37.0,355.292376,1000,0
2026-04-03T10:38:05.796226-05:00,rw_9_16_7,0.71,0,rw_interleaved,1,1,0,0,7,16,9,300,47.0,47.0,47.0,345.040049,36.0,36.14,37.0,346.213292,1000,0
2026-04-03T10:38:06.555452-05:00,rw_9_16_8,0.76,0,rw_interleaved,1,1,0,0,8,16,9,300,47.0,47.0,47.0,338.624339,36.0,36.12,37.0,339.612629,1000,0
2026-04-03T10:38:07.309960-05:00,rw_9_16_9,0.75,0,rw_interleaved,1,1,0,0,9,16,9,300,47.0,47.0,47.0,333.874333,36.0,36.22,37.0,334.650244,1000,0
2026-04-03T10:38:08.038964-05:00,rw_9_16_10,0.73,0,rw_interleaved,1,1,0,0,10,16,9,300,47.0,47.0,47.0,330.169212,36.0,36.2,37.0,330.920372,1000,0
2026-04-03T10:38:09.101990-05:00,rw_9_16_50,1.06,0,rw_interleaved,1,1,0,0,50,16,9,300,47.0,47.0,47.0,305.576776,36.0,36.24,37.0,305.705224,1000,0
2026-04-03T10:38:11.271948-05:00,rw_9_16_200,2.17,0,rw_interleaved,1,1,0,0,200,16,9,300,47.0,47.0,47.0,301.375024,36.0,36.24,37.0,301.406249,1000,0
2026-04-03T10:38:11.985739-05:00,rw_10_16_1,0.71,0,rw_interleaved,1,1,0,0,1,16,10,300,49.0,49.0,49.0,3591.836735,37.0,37.0,37.0,4756.756757,1000,0
2026-04-03T10:38:11.316622-05:00,rw_10_16_2,0.72,0,rw_interleaved,1,1,0,0,2,16,10,300,49.0,49.0,49.0,554.330709,37.0,37.0,37.0,565.008026,1000,0
2026-04-03T10:38:12.016293-05:00,rw_10_16_3,0.7,0,rw_interleaved,1,1,0,0,3,16,10,300,49.0,49.0,49.0,432.07856,37.0,37.0,37.0,436.363636,1000,0
2026-04-03T10:38:12.706717-05:00,rw_10_16_4,0.69,0,rw_interleaved,1,1,0,0,4,16,10,300,49.0,49.0,49.0,389.380531,37.0,37.0,37.0,391.982183,1000,0
2026-04-03T10:38:13.416412-05:00,rw_10_16_5,0.71,0,rw_interleaved,1,1,0,0,5,16,10,300,49.0,49.0,49.0,367.43215,37.0,37.0,37.0,369.282417,1000,0
2026-04-03T10:38:14.185239-05:00,rw_10_16_6,0.77,0,rw_interleaved,1,1,0,0,6,16,10,300,49.0,49.0,49.0,354.124748,37.0,37.0,37.0,355.555556,1000,0
2026-04-03T10:38:14.904214-05:00,rw_10_16_7,0.72,0,rw_interleaved,1,1,0,0,7,16,10,300,49.0,49.0,49.0,345.29148,37.0,37.0,37.0,346.456693,1000,0
2026-04-03T10:38:15.635589-05:00,rw_10_16_8,0.73,0,rw_interleaved,1,1,0,0,8,16,10,300,49.0,49.0,49.0,338.868833,37.0,37.12,38.0,339.76834,1000,0
2026-04-03T10:38:16.382119-05:00,rw_10_16_9,0.75,0,rw_interleaved,1,1,0,0,9,16,10,300,49.0,49.0,49.0,334.036272,37.0,37.11,38.0,334.883721,1000,0
2026-04-03T10:38:17.140966-05:00,rw_10_16_10,0.76,0,rw_interleaved,1,1,0,0,10,16,10,300,49.0,49.0,49.0,330.33033,37.0,37.1,38.0,331.075997,1000,0
2026-04-03T10:38:18.210894-05:00,rw_10_16_50,1.07,0,rw_interleaved,1,1,0,0,50,16,10,300,49.0,49.0,49.0,305.608613,37.0,37.24,38.0,305.736025,1000,0
2026-04-03T10:38:20.585597-05:00,rw_10_16_200,2.37,0,rw_interleaved,1,1,0,0,200,16,10,300,49.0,49.0,49.0,301.382765,37.0,37.24,38.0,301.411152,1000,0
2026-04-03T10:38:21.260111-05:00,rw_11_16_1,0.67,0,rw_interleaved,1,1,0,0,1,16,11,300,51.0,51.0,51.0,3764.705882,38.0,38.0,38.0,5052.631579,1000,0
2026-04-03T10:38:21.927664-05:00,rw_11_16_2,0.67,0,rw_interleaved,1,1,0,0,2,16,11,300,51.0,51.0,51.0,556.521739,38.0,38.0,38.0,567.208272,1000,0
2026-04-03T10:38:22.602797-05:00,rw_11_16_3,0.67,0,rw_interleaved,1,1,0,0,3,16,11,300,51.0,51.0,51.0,433.082707,38.0,38.0,38.0,437.357631,1000,0
2026-04-03T10:38:23.305834-05:00,rw_11_16_4,0.7,0,rw_interleaved,1,1,0,0,4,16,11,300,51.0,51.0,51.0,389.847716,38.0,38.0,38.0,392.437404,1000,0
2026-04-03T10:38:24.062726-05:00,rw_11_16_5,0.76,0,rw_interleaved,1,1,0,0,5,16,11,300,51.0,51.0,51.0,367.816092,38.0,38.2,39.0,369.515012,1000,0
2026-04-03T10:38:24.763246-05:00,rw_11_16_6,0.7,0,rw_interleaved,1,1,0,0,6,16,11,300,51.0,51.0,51.0,354.461538,38.0,38.17,39.0,355.885079,1000,0
2026-04-03T10:38:25.473078-05:00,rw_11_16_7,0.71,0,rw_interleaved,1,1,0,0,7,16,11,300,51.0,51.0,51.0,345.501285,38.0,38.14,39.0,346.659788,1000,0
2026-04-03T10:38:26.215384-05:00,rw_11_16_8,0.74,0,rw_interleaved,1,1,0,0,8,16,11,300,51.0,51.0,51.0,339.072848,38.0,38.12,39.0,340.048705,1000,0
2026-04-03T10:38:26.989821-05:00,rw_11_16_9,0.77,0,rw_interleaved,1,1,0,0,9,16,11,300,51.0,51.0,51.0,334.235977,38.0,38.22,39.0,335.013571,1000,0
2026-04-03T10:38:27.746562-05:00,rw_11_16_10,0.76,0,rw_interleaved,1,1,0,0,10,16,11,300,51.0,51.0,51.0,330.464716,38.0,38.2,39.0,331.205796,1000,0
2026-04-03T10:38:28.889857-05:00,rw_11_16_50,1.14,0,rw_interleaved,1,1,0,0,50,16,11,300,51.0,51.0,51.0,305.635148,38.0,38.24,39.0,305.761697,1000,0
2026-04-03T10:38:31.285285-05:00,rw_11_16_200,2.39,0,rw_interleaved,1,1,0,0,200,16,11,300,51.0,51.0,51.0,301.389216,38.0,38.24,39.0,301.419971,1000,0
2026-04-03T10:38:32.077363-05:00,rw_12_16_1,0.79,0,rw_interleaved,1,1,0,0,1,16,12,300,53.0,53.0,53.0,3924.528302,39.0,39.0,39.0,5333.333333,1000,0
2026-04-03T10:38:32.771444-05:00,rw_12_16_2,0.69,0,rw_interleaved,1,1,0,0,2,16,12,300,53.0,53.0,53.0,557.640751,39.0,39.5,40.0,567.530696,1000,0
2026-04-03T10:38:33.472986-05:00,rw_12_16_3,0.7,0,rw_interleaved,1,1,0,0,3,16,12,300,53.0,53.0,53.0,433.634468,39.0,39.67,40.0,437.587658,1000,0
2026-04-03T10:38:34.192250-05:00,rw_12_16_4,0.72,0,rw_interleaved,1,1,0,0,4,16,12,300,53.0,53.0,53.0,390.243902,39.0,39.75,40.0,392.638037,1000,0
2026-04-03T10:38:34.910282-05:00,rw_12_16_5,0.72,0,rw_interleaved,1,1,0,0,5,16,12,300,53.0,53.0,53.0,368.011323,39.0,39.8,40.0,369.712051,1000,0
2026-04-03T10:38:35.640021-05:00,rw_12_16_6,0.73,0,rw_interleaved,1,1,0,0,6,16,12,300,53.0,53.0,53.0,354.646206,39.0,39.67,40.0,356.062767,1000,0
2026-04-03T10:38:36.363552-05:00,rw_12_16_7,0.72,0,rw_interleaved,1,1,0,0,7,16,12,300,53.0,53.0,53.0,345.679012,39.0,39.71,40.0,346.749226,1000,0
2026-04-03T10:38:37.105872-05:00,rw_12_16_8,0.74,0,rw_interleaved,1,1,0,0,8,16,12,300,53.0,53.0,53.0,339.176519,39.0,39.75,40.0,340.077662,1000,0
2026-04-03T10:38:37.878074-05:00,rw_12_16_9,0.77,0,rw_interleaved,1,1,0,0,9,16,12,300,53.0,53.0,53.0,334.345419,39.0,39.78,40.0,335.123523,1000,0
2026-04-03T10:38:38.639888-05:00,rw_12_16_10,0.76,0,rw_interleaved,1,1,0,0,10,16,12,300,53.0,53.0,53.0,330.578512,39.0,39.8,40.0,331.26294,1000,0
2026-04-03T10:38:39.782711-05:00,rw_12_16_50,1.14,0,rw_interleaved,1,1,0,0,50,16,12,300,53.0,53.0,53.0,305.648622,39.0,39.8,40.0,305.765443,1000,0
2026-04-03T10:38:42.376991-05:00,rw_12_16_200,2.59,0,rw_interleaved,1,1,0,0,200,16,12,300,53.0,53.0,53.0,301.392491,39.0,39.81,40.0,301.420881,1000,0
2026-04-03T10:38:43.087963-05:00,rw_13_16_1,0.71,0,rw_interleaved,1,1,0,0,1,16,13,300,55.0,55.0,55.0,4072.727273,40.0,40.0,40.0,5600.0,1000,0
2026-04-03T10:38:42.393283-05:00,rw_13_16_2,0.7,0,rw_interleaved,1,1,0,0,2,16,13,300,55.0,55.0,55.0,559.300874,40.0,40.5,41.0,569.250318,1000,0
2026-04-03T10:38:43.095131-05:00,rw_13_16_3,0.7,0,rw_interleaved,1,1,0,0,3,16,13,300,55.0,55.0,55.0,434.108527,40.0,40.67,41.0,438.070404,1000,0
2026-04-03T10:38:43.788189-05:00,rw_13_16_4,0.69,0,rw_interleaved,1,1,0,0,4,16,13,300,55.0,55.0,55.0,390.584133,40.0,40.75,41.0,392.982456,1000,0
2026-04-03T10:38:44.541042-05:00,rw_13_16_5,0.75,0,rw_interleaved,1,1,0,0,5,16,13,300,55.0,55.0,55.0,368.299901,40.0,40.8,41.0,370.003304,1000,0
2026-04-03T10:38:45.249352-05:00,rw_13_16_6,0.71,0,rw_interleaved,1,1,0,0,6,16,13,300,55.0,55.0,55.0,354.804646,40.0,40.83,41.0,356.120827,1000,0
2026-04-03T10:38:45.975226-05:00,rw_13_16_7,0.72,0,rw_interleaved,1,1,0,0,7,16,13,300,55.0,55.0,55.0,345.831495,40.0,40.86,41.0,346.902655,1000,0
2026-04-03T10:38:46.729273-05:00,rw_13_16_8,0.75,0,rw_interleaved,1,1,0,0,8,16,13,300,55.0,55.0,55.0,339.329672,40.0,40.75,41.0,340.29624,1000,0
2026-04-03T10:38:47.486885-05:00,rw_13_16_9,0.76,0,rw_interleaved,1,1,0,0,9,16,13,300,55.0,55.0,55.0,334.439283,40.0,40.78,41.0,335.217825,1000,0
2026-04-03T10:38:48.288940-05:00,rw_13_16_10,0.8,0,rw_interleaved,1,1,0,0,10,16,13,300,55.0,55.0,55.0,330.676115,40.0,40.8,41.0,331.360947,1000,0
2026-04-03T10:38:49.467299-05:00,rw_13_16_50,1.18,0,rw_interleaved,1,1,0,0,50,16,13,300,55.0,55.0,55.0,305.668513,40.0,40.86,41.0,305.78535,1000,0
2026-04-03T10:38:52.271334-05:00,rw_13_16_200,2.8,0,rw_interleaved,1,1,0,0,200,16,13,300,55.0,55.0,55.0,301.397326,40.0,40.87,41.0,301.427745,1000,0
2026-04-03T10:38:52.968043-05:00,rw_14_16_1,0.7,0,rw_interleaved,1,1,0,0,1,16,14,300,57.0,57.0,57.0,4210.526316,41.0,41.0,41.0,5853.658537,1000,0
2026-04-03T10:38:53.701411-05:00,rw_14_16_2,0.73,0,rw_interleaved,1,1,0,0,2,16,14,300,57.0,57.0,57.0,560.747664,41.0,41.5,42.0,570.749108,1000,0
2026-04-03T10:38:54.370158-05:00,rw_14_16_3,0.67,0,rw_interleaved,1,1,0,0,3,16,14,300,57.0,57.0,57.0,434.782609,41.0,41.67,42.0,438.756856,1000,0
2026-04-03T10:38:55.089290-05:00,rw_14_16_4,0.72,0,rw_interleaved,1,1,0,0,4,16,14,300,57.0,57.0,57.0,390.879479,41.0,41.75,42.0,393.281442,1000,0
2026-04-03T10:38:55.814071-05:00,rw_14_16_5,0.72,0,rw_interleaved,1,1,0,0,5,16,14,300,57.0,57.0,57.0,368.550369,41.0,41.8,42.0,370.256094,1000,0
2026-04-03T10:38:56.535848-05:00,rw_14_16_6,0.72,0,rw_interleaved,1,1,0,0,6,16,14,300,57.0,57.0,57.0,355.029586,41.0,41.83,42.0,356.347439,1000,0
2026-04-03T10:38:57.258445-05:00,rw_14_16_7,0.72,0,rw_interleaved,1,1,0,0,7,16,14,300,57.0,57.0,57.0,345.963756,41.0,41.86,42.0,347.035736,1000,0
2026-04-03T10:38:57.991751-05:00,rw_14_16_8,0.73,0,rw_interleaved,1,1,0,0,8,16,14,300,57.0,57.0,57.0,339.462518,41.0,41.87,42.0,340.365183,1000,0
2026-04-03T10:38:58.798810-05:00,rw_14_16_9,0.81,0,rw_interleaved,1,1,0,0,9,16,14,300,57.0,57.0,57.0,334.572491,41.0,41.89,42.0,335.351653,1000,0
2026-04-03T10:38:59.561020-05:00,rw_14_16_10,0.76,0,rw_interleaved,1,1,0,0,10,16,14,300,57.0,57.0,57.0,330.76075,41.0,41.9,42.0,331.445933,1000,0
2026-04-03T10:39:00.811880-05:00,rw_14_16_50,1.25,0,rw_interleaved,1,1,0,0,50,16,14,300,57.0,57.0,57.0,305.685755,41.0,41.92,42.0,305.802604,1000,0
2026-04-03T10:39:03.717310-05:00,rw_14_16_200,2.9,0,rw_interleaved,1,1,0,0,200,16,14,300,57.0,57.0,57.0,301.401517,41.0,41.93,42.0,301.429908,1000,0
2026-04-03T10:39:04.419963-05:00,rw_15_16_1,0.7,0,rw_interleaved,1,1,0,0,1,16,15,300,58.0,58.0,58.0,4413.793103,42.0,42.0,42.0,6095.238095,1000,0
2026-04-03T10:39:05.087009-05:00,rw_15_16_2,0.67,0,rw_interleaved,1,1,0,0,2,16,15,300,58.0,58.0,58.0,562.019759,42.0,42.5,43.0,571.428571,1000,0
2026-04-03T10:39:05.807800-05:00,rw_15_16_3,0.72,0,rw_interleaved,1,1,0,0,3,16,15,300,58.0,58.0,58.0,435.37415,42.0,42.67,43.0,439.108062,1000,0
2026-04-03T10:39:06.520376-05:00,rw_15_16_4,0.71,0,rw_interleaved,1,1,0,0,4,16,15,300,58.0,58.0,58.0,391.287734,42.0,42.75,43.0,393.543428,1000,0
2026-04-03T10:39:07.239245-05:00,rw_15_16_5,0.72,0,rw_interleaved,1,1,0,0,5,16,15,300,58.0,58.0,58.0,368.769807,42.0,42.8,43.0,370.37037,1000,0
2026-04-03T10:39:07.973083-05:00,rw_15_16_6,0.73,0,rw_interleaved,1,1,0,0,6,16,15,300,58.0,58.0,58.0,355.226642,42.0,42.83,43.0,356.463217,1000,0
2026-04-03T10:39:08.787126-05:00,rw_15_16_7,0.81,0,rw_interleaved,1,1,0,0,7,16,15,300,58.0,58.0,58.0,346.146417,42.0,42.86,43.0,347.152267,1000,0
2026-04-03T10:39:09.569953-05:00,rw_15_16_8,0.78,0,rw_interleaved,1,1,0,0,8,16,15,300,58.0,58.0,58.0,339.578843,42.0,42.87,43.0,340.425532,1000,0
2026-04-03T10:39:10.330976-05:00,rw_15_16_9,0.76,0,rw_interleaved,1,1,0,0,9,16,15,300,58.0,58.0,58.0,334.689134,42.0,42.89,43.0,335.420003,1000,0
2026-04-03T10:39:11.113626-05:00,rw_15_16_10,0.78,0,rw_interleaved,1,1,0,0,10,16,15,300,58.0,58.0,58.0,330.877601,42.0,42.9,43.0,331.520332,1000,0
2026-04-03T10:39:12.363082-05:00,rw_15_16_50,1.25,0,rw_interleaved,1,1,0,0,50,16,15,300,58.0,58.0,58.0,305.700843,42.0,42.98,43.0,305.810398,1000,0
2026-04-03T10:39:13.996871-05:00,rw_15_16_200,3.04,0,rw_interleaved,1,1,0,0,200,16,15,300,58.0,58.0,58.0,301.405184,42.0,42.99,43.0,301.431801,1000,0
2026-04-03T10:39:14.719828-05:00,rw_16_16_1,0.72,0,rw_interleaved,1,1,0,0,1,16,16,300,55.0,55.0,55.0,4945.454545,37.0,37.0,37.0,7351.351351,1000,0
